Date,Time,Location,Weather,Bird Species,Notes,Count,Sex,Comments,corrected_name
7-12-97,,,Cloudy Sky,White Headed Babbler,Seen,,,,White-headed babbler
,,,,White Browed Bulbul,Heard,,,,White-browed bulbul
,,,,Rose Ringed Parakeet,Seen And Heard,,,,Rose-ringed Parakeet
,,,,Pond Heron,Seen And Heard,,,,Pond Heron
,,,,Koel,Seen And Heard,,,,Koel
,,,,Coucal,Heard,,,,Coucal
,,,,Spotted Dove,Seen And Heard,,,,Spotted Dove
,,,,White Breasted Kingfisher,,,,,White-breasted kingfisher
,,,,Drongo,,,,,Drongo
,,,,Pled Waggtail,Seen,,,,Pied Wagtail
,,,,Pariah Kite,,,,,Pariah Kite
,,,,Paddy Field Warbler,,,,,Paddyfield Warbler
,,,,Dove,,,,,Dove
,,,,Myna,Seen,,,,Myna
,,,,House Crow,,,,,House Crow
,,,,Jungle Crow,,,,,Jungle Crow
,,,,Little Egret,,,,,Little Egret
,,,,Medium Egret,,,,,Intermediate Egret
,,,,Common Swallow,,,,,Common Swallow
,,,,Spotted Munia,Seen,,,,Scaly-breasted Munia
,,,,White breasted water hen,Seen,,,,White-breasted waterhen
,,,,red whiskered bulbul,,8,,8+ birds seen feeding in the grass,Red-whiskered Bulbul
,,,,red vented bulbul,,,,,Red-vented Bulbul
,,Lost Lake,Cloudy Sky,red whiskered bulbul,,,,,Red-whiskered Bulbul
,,,,Rose Ringed Parakeet,Heard,,,,Rose-ringed Parakeet
,,,,Black Drongo,Seen,,,Pair,Black Drongo
,,,,sunbird,seen,,,,Sunbird
,,,,White Headed Babbler,,,,,White-headed babbler
,,,,malkoha,,,,,Malkoha
,,,,paradise fly catcher,,,,,Paradise Flycatcher
,,,,grey drongo,,,,,grey drongo
,,,,red vented bulbul,,,,,Red-vented Bulbul
,,,,white browed bulbul,,,,,White-browed Bulbul
,,,,little brown dove,,,,,Little Brown Dove
,,,,coucal,,,,,coucal
,,,,White Headed Babbler,,,,,White-headed babbler
,,,,white breasted kingfisher,,,,,White-breasted Kingfisher
,,,,mottled wood owl,,,,,Mottled Wood Owl
,,,,plaintive cuckoo,,,,,Plaintive Cuckoo
,,,,jungle night jar,,,,17 calls in 1 min (7:30 pm),Jungle Nightjar
14-12-97,,,Cloudy Sky,purple rumped sunbird,,,,,Purple-rumped Sunbird
,,,,Pariah kite,,,,,Pariah Kite
,,,,red whiskered bulbul,,,,,Red-whiskered Bulbul
,,,,crimson breasted barbet,,,,,crimson-breasted barbet
,,,,Black Drongo,,,,,Black Drongo
,,,,white browed bulbul,,,,,White-browed Bulbul
,,,,Rose Ringed Parakeet,,,,,Rose-ringed Parakeet
,,,,spotted dove,,,,,Spotted Dove
,,,,coucal,,,,,coucal
,,,,koel,,,F,,Koel
,,,,myna,,,,,Myna
,,,,paradise fly catcher,,,F,,Paradise Flycatcher
,,,,roufous bellied babbler,,,,,Rufous-bellied Babbler
,,,,White breasted water hen,,,,,White-breasted waterhen
,,,,pond heron,,,,,Pond Heron
,,,,little herron,,,,,Little Heron
,,,,Taylor bird,,,,,Tailorbird
,,,,pied waggtail,,,,,Pied Wagtail
,,,,egret,,,,,egret
,,,,cattle egret,,,,,Cattle Egret
,,,,dabchick,,,,,dabchick
,,,,red vented bulbul,,,,,Red-vented Bulbul
,,,,pied bushchat,,,,,Pied Bushchat
,,,,Warbler?,,,,,Warbler
,,,,drongo,,,,,drongo
,,,,common swallow,,,,,Common Swallow
,,,,white breasted kingfisher,,,,,White-breasted Kingfisher
,,,,plaintive cuckoo,,,,,Plaintive Cuckoo
,,,,mottled wood owl,,,,,Mottled Wood Owl
,8:00 am – 10:00 am,"Obulnayan Cheruvu (Irrigation canal)
Papanayan Cheruvu",Cloudy Sky,white breasted kingfisher,,2,,,White-breasted Kingfisher
,,,,medium egret,,1,,,Medium Egret
,,,,little egret,,32+1+27+1,,,Little Egret
,,,,BW stilts,,2,,,BW Stilts
,,,,singing bush lark,,2,,,Singing Bush Lark
,,,,Cormorant,,2+4+2+3,,,Cormorant
,,,,wagtails,,3,,,Wagtails
,,,,Munia,,6+1+13,,,Munia
,,,,Grey heron,,3+1,,,Grey Heron
,,,,Coot,,1+1+2,,,Coot
,,,,Brahminiy kite,,,,I juvenile,Brahminy Kite
,,,,pond heron,,,,,Pond Heron
,,,,swallows,,5+1,,,Swallows
,,,,green bee eater,,,,,green bee-eater
,,,,pintail,,,,,Pintail
,,,,Shoveller,,,,,Shoveler
,,,,marsh harrier,,,,,Marsh Harrier
,,,,Red wattled Lapwing,,,,,Red-wattled Lapwing
,,,,Stilt,,,,,Stilt
,,,,Spot bill,,,,,Spot-bill
,,,,Large egret,,,,,Large Egret
,,,,Grey Heron,,,,,Grey Heron
,,,,Cormorant,,109?,,,Cormorant
,,,,vigions,,,,,Flycatcher
,,,,common teel,,,,,Common Teal
,,,,Twany eagle,,,,,Tawny eagle
,,,,Myna,,,,,Myna
,,,,L Egerets,,23,,,Large Egrets
,,,,Cattle egrets,,21,,,Cattle Egrets
,,,,red rumped swallow,,Over 100+200,,,Red-rumped Swallow
,,,,Dabchick,,,,,Dabchick
,,,,little commonds,,50,,,Little Cormorant
,,,,white ringed plover,,12,,,White-ringed Plover
,,,,pintail,,20,,,Pintail
,,,,Comon sandpiper,,2,,,Common Sandpiper
,,,,Large grey babbler,,3,,,Large Grey Babbler
10-1-98,4:15 pm – 6:00 pm,,"Clear Sky, Bright sunshine",red whiskered bulbul,,,,,Red-whiskered Bulbul
,,,,coppersmith,,,,,Coppersmith
,,,,Iora,heard,,,,Iora
,,,,koel,,,,,Koel
,,,,purple rumped sunbird,,,,,Purple-rumped Sunbird
,,,,pond heron,,,,,Pond Heron
,,,,oriole,,,F,,Oriole
,,,,sunbird,,,,,Sunbird
,,,,grey drongo,,,,,grey drongo
,,,,red vented bulbul,,,,,Red-vented Bulbul
,,,,purple rumped sunbird,,,,,Purple-rumped Sunbird
,,,,grey shrike,,,,,grey shrike
,,,,spotted dove,,,,,Spotted Dove
,,,,Rose Ringed Parakeet,,,,,Rose-ringed Parakeet
,,,,White Headed Babbler,,,,,White-headed babbler
,,,,white breasted kingfisher,,,,,White-breasted Kingfisher
,,,,golden backed woodpecker,heard,,,,golden-backed woodpecker
,,,,White breasted water hen,,,,,White-breasted waterhen
,,,,dove,,,,,dove
,,,,egeret,,,,,egret
,,,,dabchick,,7+1+1,,,dabchick
,,,,Common bee eater,,,,,Common Bee Eater
,,,,Red wattled Lapwing,,,,,Red-wattled Lapwing
,,,,small blue kingfisher,,,,,Small Blue Kingfisher
,,,,Warbler,,,,,Warbler
,,,,white browed bulbul,,,,,White-browed Bulbul
,,,,pied kingfisher,,,,,Pied Kingfisher
,,,,blue rock pigeon,,,,,Blue Rock Pigeon
,,,,common myna,,,,,Common Myna
,,,,coucal,,,,,coucal
,,,,spotted munia,,,,,Spotted Munia
,,,,swallow,,,,,Swallow
,,,,taylor bird,,,,,Tailorbird
,,,,house crow,,,,,House Crow
,,,,jungle crow,,,,,Jungle Crow
,,,,Pariah kite,,,,,Pariah Kite
,4:20 pm – 6:00 pm,,Clear Sky,red whiskered bulbul,,,,Pair,Red-whiskered Bulbul
,,,,White Headed Babbler,,,,,White-headed babbler
,,,,purple rumped sunbird,,,,,Purple-rumped Sunbird
,,,,koel,,,,,Koel
,,,,Coucal,heard,,,,Coucal
,,,,spotted dove,,,,,Spotted Dove
,,,,grey drongo,,,,,grey drongo
,,,,purple sunbird,,,,,Purple Sunbird
,,,,Rose Ringed Parakeet,,,,,Rose-ringed Parakeet
,,,,small green bee eater,,,,,Small Green Bee-eater
,,,,little minivet,,,,,Little Minivet
,,,,iora,,,,,Iora
,,,,blck headed cuckoo shrike,,,,,Black-headed Cuckoo Shrike
,,,,indian cuckoo,,,,,Indian Cuckoo
,,,,taylor bird,,,,,Tailorbird
,,,,white breasted kingfisher,heard,,,,White-breasted Kingfisher
,,,,pond heron,,,,,Pond Heron
,,,,Red wattled Lapwing,,,,,Red-wattled Lapwing
,,,,hair creasted drongo,,,,,Hair-crested Drongo
,,,,pied wagtail,,,,,Pied Wagtail
,,,,red flower pecker,,,,,Red-flowered Sunbird
,,,,little brown dove,,,,,Little Brown Dove
,,,,roufous bellied babbler,,,,,Rufous-bellied Babbler
,,,,golden black kingfisher?,,,,,golden black kingfisher
,,,,White breasted water hen,,,,,White-breasted waterhen
,,,,jungle babbler,,,,,Jungle Babbler
,,,,myna,,,,,Myna
,,,,paradise fly catcher,,,,,Paradise Flycatcher
,,,,dabchick,,,,,dabchick
,,,,tree pie,,,,,Treepie
,,Sumavanam,Clear Sky,pariah kite,,,,,Pariah Kite
,,,,Black Drongo,,,,,Black Drongo
,,,,purple sunbird,,,,,Purple Sunbird
,,,,red vented bulbul,,,,,Red-vented Bulbul
,,,,marsh harrier,,,,,Marsh Harrier
,,,,myna,,,,,Myna
,,,,White Headed Babbler,,,,,White-headed babbler
,,,,iora,heard,,,,Iora
,,,,creasted serpant eagle,,,,,crested serpent eagle
,,,,indian robin,,,,,Indian Robin
,,,,little brown dove,,,,,Little Brown Dove
,,,,pond herron,,,,,Pond Heron
,,,,egret,,,,,egret
,,,,shikra,,,,,Shikra
,,,,long tailed night jar,,,,,Long-tailed Nightjar
,,,,paradise fly catcher,,,,,Paradise Flycatcher
,,,,ashy crowned finch lark,,,,,Ashy-crowned finch lark
,,,,House swift,,,,,House Swift
,,,,bush lark,,,,"vegetation: Dodonia vescosa, lantana, dwarf acacia",Bush Lark
,,,,merlin?,,,,,Merlin
,,,,white breasted kingfisher,,,,,White-breasted Kingfisher
,,,,Rose Ringed Parakeet,,,,,Rose-ringed Parakeet
,,,,baya weaver bird,,,,Nest seen,Baya weaver
,,,,Indian roller,,,,,Indian Roller
,,,,bush lark,,,,,Bush Lark
,,,,small green beeeater,,,,,Small Green Bee-eater
,,,,tree pie,,,,,Treepie
23-1-98,,,"Clear Sky, Sunny",purple sunbird,,2 pairs,,,Purple Sunbird
,,,,purple rumped sunbird,,2 pairs,,,Purple-rumped Sunbird
,,,,Rose Ringed Parakeet,,,,,Rose-ringed Parakeet
,,,,white browed bulbul,,,,,White-browed Bulbul
,,,,blue rock pigeon,,,,,Blue Rock Pigeon
,,,,red whiskered bulbul,,,,,Red-whiskered Bulbul
,,,,grey drongo,,,,,grey drongo
,,,,coppersmith,,,,,Coppersmith
,,,,hair creasted drongo,,,,Juvenile,Hair-crested Drongo
,,,,spotted dove,,,,,Spotted Dove
,,,,spotted munia,,,,,Spotted Munia
,,,,pied wagtail,,,,,Pied Wagtail
,,,,white breasted kingfisher,,,,,White-breasted Kingfisher
,,,,small green beeeater,,,,,Small Green Bee-eater
,,,,common myna,,,,,Common Myna
,,,,pond heron,,,,,Pond Heron
26-1-98,4:15 pm - ,,"Clear Sky, Sunny",median egeret,,,,,Median Egret
,,,,pied wagtail,,,,,Pied Wagtail
,,,,little egret,,,,,Little Egret
,,,,dabchick,,,,,dabchick
,,,,pond heron,,,,,Pond Heron
,,,,cattle egeret,,,,,Cattle Egret
,,,,Indian robin,,,,,Indian Robin
,,,,little green beeeater,,,,,Little Green Bee-eater
,,,,Warbler ?,,,,,Warbler
,,,,neophron,,,,,Neophron
,,,,Twany eagle,,,,,Tawny eagle
,,,,house swift,,,,,House Swift
,,,,shikra,,,,,Shikra
,,,,red wattled lapwing,,,,,Red-wattled Lapwing
,,,,little brown dove,,,,,Little Brown Dove
,,,,white throated munia,,,,,White-throated Munia
,,,,bush lark,,,,,Bush Lark
,,,,black eagle,,,,,Black eagle
,,,,pied bushchat,,,,,Pied Bushchat
,,,,blue rock pigeon,,,,,Blue Rock Pigeon
,,,,red vented bulbul,,,,,Red-vented Bulbul
,,,,common swallow,,,,,Common Swallow
,,,,singing bush lark,,,,,Singing Bush Lark
,,,,Black Drongo,,,,,Black Drongo
,,,,reed warbler,,,,,Reed Warbler
,,,,myna,,,,,Myna
,,,,white breasted kingfisher,,,,,White-breasted Kingfisher
,,,,bush chat,,,,,Bush Chat
,,,,ashy crowned finch lark,,,,,Ashy-crowned finch lark
,,,,Rose Ringed Parakeet,,,,,Rose-ringed Parakeet
,,,,purple sunbird,,,,,Purple Sunbird
,,,,roufous backed shrike,,,,,Rufous-backed Shrike
,,,,black winged kite,,,,,Black-winged kite
14-2-98,4:45 pm - ,,"Clear Sky, Sunny",hair creasted drongo,seen,,,,Hair-crested Drongo
,,,,green reed warbler,seen,,,,green reed warbler
,,,,railor bird,seen,,,,Railor Bird
,,,,greenish leaf warbler,seen,,,,greenish leaf warbler
,,,,purple rumped sunbird,seen,,,,Purple-rumped Sunbird
,,,,shikra,seen,,,,Shikra
,,,,coppersmith,heard,,,,Coppersmith
,,,,white browed bulbul,heard,,,,White-browed Bulbul
,,,,little brown dove,heard,,,,Little Brown Dove
20-6-98,4:30 pm – 6:00 pm,,Cloudy Sky,red vented bulbul,seen,,,,Red-vented Bulbul
,,,,spotted dove,seen,,,,Spotted Dove
,,,,red whiskered bulbul,seen,,,,Red-whiskered Bulbul
,,,,pariah kite,seen,,,,Pariah Kite
,,,,purple rumped sunbird,seen,,,,Purple-rumped Sunbird
,,,,purple sunbird,seen,,,,Purple Sunbird
,,,,green bee eater,seen,,,,green bee-eater
,,,,munia,seen,,,,Munia
,,,,coppersmith,seen,,,,Coppersmith
,,,,Malcoha,seen,,,,Malkoha
,,,,Scavenger vulture,seen,,,,Scavenger Vulture
,,,,white eyed buzzard,seen,,,,White-eyed Buzzard
,,,,little brown dove,seen,,,,Little Brown Dove
,,,,Shikra,seen,,,,Shikra
,,,,tailor bird,heard,,,,Tailorbird
4-7-98,4:30 pm – 6:00 pm,,Cloudy Sky,Bee eater,,,,,Bee Eater
,,,,Iora,,,,,Iora
,,,,white browed bulbul,,,,,White-browed Bulbul
,,,,spotted dove,,,,,Spotted Dove
4-7-98,4:30 pm – 6:00 pm,,Cloudy Sky,Dove,,,,,Dove
,,,,Lotan sunbird,,,,,Loten Sunbird
,,,,white breasted kingfisher,,,,,White-breasted Kingfisher
15-8-98,,,Cloudy Sky,ashywren warbler,,,,,Ashy-wren warbler
,,,,red whiskered bulbul,,,,,Red-whiskered Bulbul
,,,,spotted dove,,,,,Spotted Dove
,,,,blue rock pigeon,,,,,Blue Rock Pigeon
,,,,Loten sunbird,,,,,Loten Sunbird
,,,,white browed bulbul,,,,,White-browed Bulbul
,,,,purple rumped sunbird,,,,,Purple-rumped Sunbird
,,,,spotted bulbul,,,,,Spotted Bulbul
,,,,little green beeeater,,,,,Little Green Bee-eater
,,,,white breasted kingfisher,,,,,White-breasted Kingfisher
,,,,ringed dove,,,,,Ringed Dove
,,,,magpie robin,,,,,Magpie Robin
,,,,tickles flowerpecker,,,,,"Tickell""s Flowerpecker"
,,,,Rose Ringed Parakeet,,,,,Rose-ringed Parakeet
,,,,Black Drongo,,,,,Black Drongo
,,,,pond heron,,,,,Pond Heron
,,,,streaked fantail warbler,,,,,Streaked Fantail Warbler
,,,,myna,,,,,Myna
,,,,pied kingfisher,,,,,Pied Kingfisher
,,,,White Headed Babbler,,,,,White-headed babbler
,,,,pied wagtail,,,,,Pied Wagtail
,,,,spotted owlet,,,,,Spotted Owlet
,,,,egret,,,,,egret
,,,,pied bushchat,,,,,Pied Bushchat
,,,,red rumped swallow,,,,,Red-rumped Swallow
,,,,small blue kingfisher,,,,,Small Blue Kingfisher
,,,,paradise fly catcher,,,,,Paradise Flycatcher
,,,,mottled wood owl,,,,,Mottled Wood Owl
12-9-98,,,Cloudy Sky,little green beeeater,,,,,Little Green Bee-eater
,,,,tree pie,,,,,Treepie
,,,,bulbul,,,,,Bulbul
,,,,white browed bulbul,,,,,White-browed Bulbul
,,,,wren warbler,,,,,Wren Warbler
,,,,red vented bulbul,,,,,Red-vented Bulbul
,,,,koel,,,F,,Koel
,,,,Indian Robin,,,F,,Indian Robin
,,,,White Headed Babbler,,,,,White-headed babbler
,,,,purple rumped sunbird,,,,,Purple-rumped Sunbird
,,,,spotted dove,,,,,Spotted Dove
19-9-98,,,,Grey drongo,,,,,Grey Drongo
,,,,golden oriole,,,,,golden oriole
,,,,freenish leaf warbler,,,,,greenish leaf warbler
,,,,kestral,,,,,Kestrel
,,,,black drongo,,,,,Black drongo
,,,,red vented bulbul,,,,,Red-vented Bulbul
,,,,short toed eagle,,,,,Short-toed Eagle
,,,,little green beeeater,,,,,Little Green Bee-eater
,,,,house swift,,,,,House Swift
,,,,dusky craig martin,,,,,dusky crag martin
,,,,plain prinia,,,,wren warbler,Plain Prinia
,,,,Indian Robin,,,,,Indian Robin
,,,,Wood shrike,,,,,Woodshrike
,,,,Pariah kite,,,,,Pariah Kite
,,,,Koel,heard,,,,Koel
,,,,common myna,,,,,Common Myna
,,,,Rose Ringed Parakeet,,,,,Rose-ringed Parakeet
,,,,white breasted kingfisher,,,,,White-breasted Kingfisher
,,,,shikra,,,,,Shikra
,,,,pond  heron,,,,,Pond Heron
,,,,roufous tailed finch warbler,,,,,Rufous-tailed Finch Warbler
,,,,red rumped swallow,,,,,Red-rumped Swallow
,,,,steppe eagle ?,,,,,Steppe Eagle
,,,,swift,,,,,Swift
,,,,pied bushchat,,,,,Pied Bushchat
,,,,purple sunbird,,,,,Purple Sunbird
,,,,shahin falcon,,,,Red underparts,Shahin Falcon
,,,,briown shrike,,,,,Brown Shrike
,,,,black winged klite,,,,,Black-winged kite
21-2-99,8:30 am – 12:00 pm,Sumavanam,Cloudy Sky,Twany eagle,,,,,Tawny eagle
,,,,Bee eater,,,,,Bee Eater
,,,,Indian Robin,,,,,Indian Robin
,,,,Common myna,,,,,Common Myna
,,,,tree pie,,,,,Treepie
,,,,black drongo,,,,,Black drongo
,,,,taylor bird,,,,,Tailorbird
,,,,grey drongo,,,,,grey drongo
,,,,booted eagle,,,,,Booted Eagle
,,,,purple sunbird,,,,,Purple Sunbird
,,,,roufous tailed finch lark,,,,,Rufous-tailed Finch Lark
,,,,red whiskered bulbul,,,,,Red-whiskered Bulbul
,,,,red vented bulbul,,,,,Red-vented Bulbul
,,,,pariah kite,,,,,Pariah Kite
,,,,White Headed Babbler,,,,,White-headed babbler
,,,,Roufous winged bush lark,,,,,Rufous-winged Bush Lark
,,,,black bellied finch lark,,,,,Black-bellied finch lark
,,,,large pied wagtail,,,,,Large Pied Wagtail
,,,,little egret,,,,,Little Egret
,,,,common swallow,,,,,Common Swallow
,,,,pond heron,,,,,Pond Heron
,,,,spotted diove,,,,,Spotted Dove
,,,,pied bush chat,,,,,Pied Bushchat
,,,,little brown dove,,,,,Little Brown Dove
,,,,blue rock pigeon,,,,,Blue Rock Pigeon
,,,,ashy crowned finch lark,,,,,Ashy-crowned finch lark
,,,,red rumped swallow,,,,,Red-rumped Swallow
,,,,purple rumped sunbird,,,,,Purple-rumped Sunbird
,,,,blights reed warbler,,,,,Blighted Reed Warbler
,,,,Rose Ringed Parakeet,,,,,Rose-ringed Parakeet
,,,,common swallow,,,,,Common Swallow
,,,,Iora,,,,,Iora
,,,,Golden oriole,,,,,Golden Oriole
,,,,greenish leaf warbler,,,,,greenish leaf warbler
,,,,house sparrow,,,,,House Sparrow
27-3-99,,,Slightly Cloudy Sky,red whiskered bulbul,,,,,Red-whiskered Bulbul
,,,,White Headed Babbler,,,,,White-headed babbler
,,,,Rose Ringed Parakeet,,,,,Rose-ringed Parakeet
,,,,purple rumped sunbird,,,,Bottle brish in bloom,Purple-rumped Sunbird
,,,,Golden oriole,,,F,,Golden Oriole
,,,,coppersmith,,,,,Coppersmith
,,,,Iora,,,,,Iora
,,,,red whiskered bulbul,,,,,Red-whiskered Bulbul
,,,,Flower pecker,heard,,,,Flowerpecker
,,,,Koel,,,F,,Koel
,,,,grey drongo,heard,,,,grey drongo
,,,,short toed eagle,,,,,Short-toed Eagle
,,,,myna,,,,,Myna
,,,,spotted dove,,,,,Spotted Dove
,,,,little green beeeater,,,,,Little Green Bee-eater
,,,,large pied wagtail,,,,,Large Pied Wagtail
,,,,white breasted kingfisher,,,,,White-breasted Kingfisher
,,,,Ashy wren warbler,,,,,Ashy Wren Warbler
,,,,tailor bird,,,,,Tailorbird
,,,,white browed bulbul,,,,,White-browed Bulbul
,,,,black drongo,,,,,Black drongo
,,,,pond heron,,,,,Pond Heron
,,,,red rumped swallow,,,,,Red-rumped Swallow
,,,,coucal,,,,,coucal
,,,,large cuckoo shrike,,,,,Large Cuckooshrike
,,,,white breasted water hen,,,,,White-breasted Waterhen
,,,,egret,,,,,egret
,,,,dabchick,,,,,dabchick
,,,,swift,,,,,Swift
,,,,Indian Robin,,,,,Indian Robin
,,,,Hoopoe,,,,,Hoopoe
,,,,Cattle egret,,,,,Cattle Egret
,,,,Blyths reed warbler,,,,,"Blyth""s Reed Warbler"
,,,,pariah kite,,,,,Pariah Kite
,,,,cormorant,,,,,Cormorant
,,,,pied kingfisher,,,,,Pied Kingfisher
,,,,Indian Pitta,,,,,Indian Pitta
,,,,Collored Scops owl?,,,,,Colored Scops Owl
26-6-99,,,Cloudy Sky,House swift,,,,,House Swift
,,,,red vented bulbul,,,,,Red-vented Bulbul
,,,,Indian robin,,,,,Indian Robin
,,,,pariah kite,,,,,Pariah Kite
,,,,Rose Ringed Parakeet,,,,,Rose-ringed Parakeet
,,,,sirkeer cuckoo,,,,,Sirkeer Cuckoo
,,,,white bellied fishing eagle,,,,,White-bellied Fishing Eagle
3-7-99,,,,Dabchick,,,,,Dabchick
,,,,small blue kingfisher,,,,,Small Blue Kingfisher
,,,,egret,,,,,egret
,,,,pond heron,,,,,Pond Heron
,,,,black drongo,,,,,Black drongo
,,,,red wattled lapwing,,,,,Red-wattled Lapwing
,,,,coucal,,,,,coucal
,,,,Myna,,,,,Myna
,,,,blue rock pigeon,,,,,Blue Rock Pigeon
,,,,pied wagtail,,,,,Pied Wagtail
,,,,pariah kite,,,,,Pariah Kite
17-7-99,,Mouth of the valley,Cloudy Sky,white breasted kingfisher,,,,,White-breasted Kingfisher
,,,,black drongo,,,,,Black drongo
,,,,Shahin falcon,,,,,Shaheen Falcon
,,,,short toed eagle,,,,,Short-toed Eagle
,,,,pariah kite,,,,,Pariah Kite
,,,,Alpine swift,,,,,Alpine Swift
,,,,pond heron,,,,,Pond Heron
,,,,large pied wagtail,,,,,Large Pied Wagtail
,,,,Scavenger vulture,,,,,Scavenger Vulture
,,,,Twany eagle,,,,,Tawny eagle
,,,,red rumped swallow,,,,,Red-rumped Swallow
,,,,little brown dove,,,,,Little Brown Dove
,,,,indian robin,,,,,Indian Robin
,,,,coucal,,,,,coucal
,,,,shikra,,,,,Shikra
,,,,red vented bulbul,,,,,Red-vented Bulbul
,,,,white throated munia,,,,,White-throated Munia
,,,,keestral,,,,,Kestrel
,,,,little green beeeater,,,,,Little Green Bee-eater
,,,,Rose Ringed Parakeet,,,,,Rose-ringed Parakeet
,,,,bush chat,,,,,Bush Chat
,,,,palm swift,,,,,Palm Swift
,,,,purple rumped sunbird,,,,,Purple-rumped Sunbird
,,,,jungle wren warbler,,,,,Jungle Wren-Warbler
,,,,myna,,,,,Myna
,,,,koel,heard,,,,Koel
22-8-99,6:35 am – 8:00 am,Mouth of the valley & Perco tank,Cloudy sky,white breasted water hen,,,,,White-breasted Waterhen
,,,,white breasted kingfisher,,,,,White-breasted Kingfisher
,,,,coucal,,,,,coucal
,,,,red wattled lapwing,,,,,Red-wattled Lapwing
,,,,munia,,,,,Munia
,,,,dabchick,,,,,dabchick
,,,,pond heron,,,,,Pond Heron
,,,,cattle egret,,,,,Cattle Egret
,,,,tailor bird,heard,,,,Tailorbird
,,,,black drongo,,,,,Black drongo
,,,,jungle babbler,,,,,Jungle Babbler
,,,,purple rumped sunbird,,,,,Purple-rumped Sunbird
,,,,little brown dove,,,,,Little Brown Dove
,,,,large pied wagtail,,,,,Large Pied Wagtail
,,,,red vented bulbul,,,,,Red-vented Bulbul
,,,,little green beeeater,,,,,Little Green Bee-eater
,,,,median egret,,,,,Median Egret
,,,,tickles flowerpecker,,,,,"Tickell""s Flowerpecker"
,,,,koel,heard,,,,Koel
,,,,alpine swift,,,,,Alpine swift
,,,,Ashy wren warbler,,,,,Ashy Wren Warbler
,,,,common myna,,,,,Common Myna
,,,,house swift,,,,,House Swift
,,,,yellow headed babbler,,,,,Yellow-headed Babbler
,,,,little egret,,,,,Little Egret
,,,,pariah kite,,,,,Pariah Kite
,,,,bush lark,,,,,Bush Lark
12-9-99,,,"Cloudy Sky, windy",spotted owlet,,,,,Spotted Owlet
,,,,indian robin,,,,,Indian Robin
,,,,red vented bulbul,,,,,Red-vented Bulbul
,,,,purple rumped sunbird,,,,,Purple-rumped Sunbird
,,,,tailor bird,heard,,,,Tailorbird
,,,,red rumped swallow,,,,,Red-rumped Swallow
,,,,dusky craig martin,,,,,dusky crag martin
,,,,little brown dove,,,,,Little Brown Dove
,,,,sirkeer cuckoo,,,,,Sirkeer Cuckoo
,,,,jungle wren warbler,,,,,Jungle Wren-Warbler
,,,,house swift,,,,,House Swift
,,,,roufous tailed finch lark,,,,,Rufous-tailed Finch Lark
,,,,pariah kite,,,,,Pariah Kite
,,,,short toed eagle,,,,,Short-toed Eagle
,,,,Iora,,,,,Iora
,,,,Franklins wren warbler,,,,,"Franklin""s Wren Warbler"
,,,,Lotaen sunbird,,,,,Loten Sunbird
,,,,Shikra,,,,,Shikra
,,,,White Headed Babbler,,,,,White-headed babbler
,,,,roufous bellied babbler,,,,,Rufous-bellied Babbler
,,,,black drongo,,,,,Black drongo
,,,,mottled wood owl,,,,,Mottled Wood Owl
,,,,spotted munia,,,,,Spotted Munia
,,,,Wood shrike,,,,,Woodshrike
,,,,alpine swift,,,,,Alpine swift
,,,,common myna,,,,,Common Myna
,,,,Koel,,,,,Koel
,,,,Tree pie,,,,,Treepie
,,,,white browed bulbul,,,,,White-browed Bulbul
,,,,tickles flowerpecker,,,,,"Tickell""s Flowerpecker"
,,,,purple sunbird,,,,,Purple Sunbird
19-9-99,,,Cloudy sky,large pied wagtail,,,,,Large Pied Wagtail
,,,,black headed munia,,,,,Black-headed munia
,,,,coucal,,,,,coucal
,,,,spotted dove,,,,,Spotted Dove
,,,,blossom headed parakeet,,,,,Blossom-headed Parakeet
,,,,roufous bellied finchlark,,,,,Rufous-bellied Finch Lark
,,,,little green beeeater,,,,,Little Green Bee-eater
,,,,indian robin,,,,,Indian Robin
,,,,red vented bulbul,,,,,Red-vented Bulbul
,,,,red rumped swallow,,,,,Red-rumped Swallow
,,,,indian roller,,,,,Indian Roller
,,,,twany eagle,,,,,Tawny Eagle
,,,,jungle wren warbler,,,,,Jungle Wren-Warbler
,,,,myna,,,,,Myna
,,,,red creasted cuckoo,,,,,Red-crested Cuckoo
,,,,spotted munia,,,,,Spotted Munia
,,,,pond heron,,,,,Pond Heron
,,,,white breasted kingfisher,,,,,White-breasted Kingfisher
,,,,roufous winged bush lark,,,,,Rufous-winged Bush Lark
,,,,black headed munia,,,,,Black-headed munia
,,,,Large cuckoo shrke,,,,,Large Cuckoo Shrike
,,,,purple rumped sunbird,,,,,Purple-rumped Sunbird
,,,,golden backed woodpecker,,,,,golden-backed woodpecker
,,,,Ashy wren warbler,,,,,Ashy Wren Warbler
,,,,White Headed Babbler,,,,,White-headed babbler
,,,,little green beeeater,,,,,Little Green Bee-eater
,,,,tickles flowerpecker,,,,,"Tickell""s Flowerpecker"
,,,,Indian plain wren warbler ,,,,,Indian Plain Wren Warbler
,,,,Franklins wren warbler,,,,,"Franklin""s Wren Warbler"
,,,,Rose Ringed Parakeet,,,,,Rose-ringed Parakeet
,,,,pariah kite,,,,,Pariah Kite
,,,,shikra,,,,,Shikra
,,,,Tree pie,,,,,Treepie
,,,,koel,,,,,Koel
,,,,greenish leaf warbler,,,,,greenish leaf warbler
,,,,spotted dove,,,,,Spotted Dove
10-10-99,,Mouth of the valley,,Spot billed ducks,,,,,Spot-billed Ducks
,,,,white browed bulbul,,,,,White-browed Bulbul
,,,,twany eagle,,,,,Tawny Eagle
,,,,red vented bulbul,,,,,Red-vented Bulbul
,,,,indian roller,,,,,Indian Roller
,,,,pariah kite,,,,,Pariah Kite
,,,,red vented bulbul,,,,,Red-vented Bulbul
,,,,kestral,,,,,Kestrel
,,,,blue rock pigeon,,,,,Blue Rock Pigeon
,,,,myna,,,,,Myna
,,,,Shahin falcon,,,,,Shaheen Falcon
,,,,red rumped swallow,,,,,Red-rumped Swallow
,,,,Indian roller,,,,,Indian Roller
,,,,Drongo,,,,,Drongo
,,,,baya weaver bird,,,,,Baya weaver
,,,,roufous tailed finch lark,,,,,Rufous-tailed Finch Lark
,,,,spotted owlet,,,,,Spotted Owlet
,,,,wood shrike,,,,,Woodshrike
,,,,sirkeer cuckoo,,,,,Sirkeer Cuckoo
,,,,creasted honey buzzard,,,,Ruddy Mongoose spotted,crested honey buzzard
,,,,purple rumped sunbird,,,,,Purple-rumped Sunbird
,,,,red rumped swallow,,,,,Red-rumped Swallow
,,,,pied bush chat,,,,,Pied Bushchat
,,,,bush lark,,,,,Bush Lark
,,,,white breasted kingfisher,,,,,White-breasted Kingfisher
,,,,coppersmith,,,,,Coppersmith
,,,,brown shrike,,,,,Brown Shrike
,,,,spotted munia,,,,,Spotted Munia
,,,,pond heron,,,,,Pond Heron
,,,,purple sunbird,,,,,Purple Sunbird
,,,,spotted dove,,,,,Spotted Dove
,,,,streaked fantial flycatcher,,,,,Streaked Fantail Flycatcher
,,,,yellow eyed babbler,,,,,Yellow-eyed Babbler
,,,,Ashy wren warbler,,,,,Ashy Wren Warbler
,,,,Franklins wren warbler,,,,,"Franklin""s Wren Warbler"
,,,,white breasted water hen,,,,,White-breasted Waterhen
,,,,paradise fly catcher,,,,,Paradise Flycatcher
,,,,tickles flowerpecker,,,,,"Tickell""s Flowerpecker"
,,,,Rose Ringed Parakeet,,,,,Rose-ringed Parakeet
,,,,grey wagtail,,,,,grey wagtail
30-1-00,,Lost Pond,Climate- Cool,Blue throated flucatcher,,,,,Blue Throated Flycatcher
,,,,coppersmith,,,,,Coppersmith
,,,,Koel,,,,,Koel
,,,,Emerald dove,,,,,Emerald Dove
,,,,Purple sunbird,,,,,Purple Sunbird
,,,,Blyths reed warbler,,,,,"Blyth""s Reed Warbler"
,,,,greenish leaf warbler,,,,,greenish leaf warbler
,,,,red vented bulbul,,,,,Red-vented Bulbul
,,,,grey drongo,,,,,grey drongo
,,,,Hoopoe,,,,,Hoopoe
,,,,white browed bulbul,,,,,White-browed Bulbul
,,,,Indian robin,,,,,Indian Robin
,,,,Coucal,,,,,Coucal
,,,,tailor bird,,,,,Tailorbird
,,,,magpie robin,,,,,Magpie Robin
,,,,Loten sunbird,,,,,Loten Sunbird
,,,,hair creasted drongo,,,,,Hair-crested Drongo
,,,,Iora,,,,,Iora
,,,,spotted dove,,,,,Spotted Dove
,,,,Tree pie,,,,,Treepie
,,,,Egret,,,,,Egret
,,,,plaintive cuckoo,,,,,Plaintive Cuckoo
,,,,baya weaver bird,,,,,Baya weaver
,,,,house swift,,,,,House Swift
,,,,little green beeeater,,,,,Little Green Bee-eater
,,,,roufous tailed finch lark,,,,,Rufous-tailed Finch Lark
,,,,lesser white throat,,,,,Lesser Whitethroat
,,,,red rumped swallow,,,,,Red-rumped Swallow
,,,,large grey cuckoo shrike,,,,,Large Grey Cuckooshrike
5-3-00,,,Clear and Cool,Blue throated flucatcher,,,,,Blue Throated Flycatcher
,,,,magpie robin,,,,,Magpie Robin
,,,,hoopoe,,,,,Hoopoe
,,,,purple rumped sunbird,,,,,Purple-rumped Sunbird
,,,,little brown dove,,,,,Little Brown Dove
,,,,White Headed Babbler,,,,,White-headed babbler
,,,,Rose Ringed Parakeet,,,,,Rose-ringed Parakeet
,,,,pariah kite,,,,,Pariah Kite
,,,,Koel,,,,,Koel
,,,,Blyths reed warbler,,,,,"Blyth""s Reed Warbler"
,,,,Purple sunbird,,,,,Purple Sunbird
,,,,white browed bulbul,,,,,White-browed Bulbul
,,,,coppersmith,,,,,Coppersmith
,,,,tailor bird,,,,,Tailorbird
,,,,greenish leaf warbler,,,,,greenish leaf warbler
,,,,red vented bulbul,,,,,Red-vented Bulbul
,,,,coucal,,,,,coucal
,,,,lwood shrike,,,,,Wood Shrike
,,,,white breasted kingfisher,,,,,White-breasted Kingfisher
,,,,lesser white throat,,,,,Lesser Whitethroat
,,,,spotted munia,,70,,,Spotted Munia
,,,,roufous tailed finch lark,,,,,Rufous-tailed Finch Lark
,,,,black backed woodpecker,,,,,Black-backed woodpecker
,,,,common myna,,,,,Common Myna
,,,,red whiskered bulbul,,,,,Red-whiskered Bulbul
,,,,indian robin,,,,,Indian Robin
,,,,paradise fly catcher,,,,,Paradise Flycatcher
,,,,red rumped swallow,,,,,Red-rumped Swallow
,,,,grey wagtail,,,,,grey wagtail
,,,,brown flycatcher,,,,,Brown Flycatcher
,,,,grey drongo,,,,,grey drongo
,,,,tickles flowerpecker,,,,,"Tickell""s Flowerpecker"
,,,,blue rock pigeon,,,,,Blue Rock Pigeon
,,,,Loten sunbird,,,,,Loten Sunbird
,,,,Chloropsis,,,,,Chloropsis
,,,,spotted dove,,,,,Spotted Dove
,,,,red breasted flycatcher,,,,,Red-breasted Flycatcher
,,,,cattle egret,,,,,Cattle Egret
,,,,indian roller,,,,,Indian Roller
,,,,pond heron,,,,,Pond Heron
,,,,pied bush chat,,,,,Pied Bushchat
,,,,little green beeeater,,,,,Little Green Bee-eater
,,,,white breasted water hen,,,,,White-breasted Waterhen
,,,,Ashy wren warbler,,,,,Ashy Wren Warbler
,,,,white backed munia,,,,,White-backed Munia
,,,,large pied wagtail,,,,,Large Pied Wagtail
,,,,red wattled lapwing,,,,,Red-wattled Lapwing
,,,,black headed cuckoo shrike,,,,,Black-headed cuckooshrike
,,,,Tree pie,,,,,Treepie
,,,,house swift,,,,,House Swift
19-3-00,6:25 am - ,,Clear and Cool,grey wagtail,,,,,grey wagtail
,,,,shikra,,,,,Shikra
,,,,coucal,,,,,coucal
,,,,grey drongo,,,,,grey drongo
,,,,white browed bulbul,,,,,White-browed Bulbul
,,,,White Headed Babbler,,,,,White-headed babbler
,,,,paradise fly catcher,,,,,Paradise Flycatcher
,,,,grey drongo,,,,,grey drongo
,,,,Rose Ringed Parakeet,,,,,Rose-ringed Parakeet
,,,,red whiskered bulbul,,,,,Red-whiskered Bulbul
,,,,Blyths reed warbler,,,,,"Blyth""s Reed Warbler"
,,,,Iora,,,,,Iora
,,,,tailor bird,,,,,Tailorbird
,,,,Koel,,,,,Koel
,,,,myna,,,,,Myna
,,,,purple rumped sunbird,,,,,Purple-rumped Sunbird
,,,,coppersmith,,,,,Coppersmith
,,,,white breasted kingfisher,,,,,White-breasted Kingfisher
,,,,loten sunbird,,,,,Loten Sunbird
,,,,Indian robin,,,,,Indian Robin
,,,,red vented bulbul,,,,,Red-vented Bulbul
,,,,twany eagle,,,,,Tawny Eagle
,,,,pied bush chat,,,,,Pied Bushchat
,,,,little brown dove,,,,,Little Brown Dove
,,,,roufous winged bush lark,heard,,,,Rufous-winged Bush Lark
,,,,red rumped swallow,,,,,Red-rumped Swallow
,,,,little green beeeater,,,,,Little Green Bee-eater
,,,,Purple sunbird,,,,,Purple Sunbird
,,,,jungle wren warbler,,,,,Jungle Wren-Warbler
,,,,blue rock pigeon,,,,,Blue Rock Pigeon
,,,,Franklins wren warbler,,,,Grey breast,"Franklin""s Wren Warbler"
,,,,Indian wren warbler,,,,No markings on the tail,Indian Wren Warbler
,,,,Black drongo,,,,White spot near the beak,Black Drongo
,,,,white throated munia,,,,,White-throated Munia
,,,,roufous bellied babbler,,,,Cher cher cher,Rufous-bellied Babbler
,,,,dusky craig martin,,,,,dusky crag martin
,,,,grey wagtail,,,,,grey wagtail
,,,,sirkeer cuckoo,,,,,Sirkeer Cuckoo
,,,,Ashy wren warbler,,,,,Ashy Wren Warbler
,,,,bush koel,,,,,Bush Koel
,,,,pariah kite,,,,,Pariah Kite
,,,,yellow eyed babbler,,,,,Yellow-eyed Babbler
,,,,house swift,,,,,House Swift
,,,,Hoopoe,,,,,Hoopoe
,,,,short toed eagle,,,,,Short-toed Eagle
,,,,tickles flowerpecker,,,,,"Tickell""s Flowerpecker"
,,,,Cattle egret,,,,,Cattle Egret
,,,,golden oriole,,,F,,golden oriole
,,,,spotted dove,,,,,Spotted Dove
,,,,pond heron,,,,,Pond Heron
,,,,greenish leaf warbler,,,,,greenish leaf warbler
,,,,cuckoo shrike,,,,,cuckoo shrike
,,,,magpie robin,,,,,Magpie Robin
,,,,grey wagtail,,,,,grey wagtail
18-6-00,6:00 am – 7:45 am,Lost Pond,"Cloudy Sky, windy",purple rumped sunbird,,,,,Purple-rumped Sunbird
,,,,magpie robin,,,,,Magpie Robin
,,,,Hoopoe,,,,,Hoopoe
,,,,White Headed Babbler,,,,,White-headed babbler
,,,,tailor bird,,,,,Tailorbird
,,,,spotted dove,,,,,Spotted Dove
,,,,short toed eagle,,,,,Short-toed Eagle
,,,,red vented bulbul,,,,,Red-vented Bulbul
,,,,coucal,,,,,coucal
,,,,indian robin,,,,,Indian Robin
,,,,house swift,,,,,House Swift
,,,,white browed bulbul,,,,,White-browed Bulbul
,,,,red whiskered bulbul,,,,,Red-whiskered Bulbul
,,,,Iora,,,,,Iora
,,,,common myna,,,,,Common Myna
,,,,wood shrike,,,,,Woodshrike
,,,,pied creasted cuckoo,,,,,Pied Crested Cuckoo
,,,,pariah kite,,,,,Pariah Kite
,,,,little green beeeater,,,,,Little Green Bee-eater
,,,,bush lark,,,,,Bush Lark
25-6-00,6:00 am -,,Cloudy sky,White Headed Babbler,seen,,,,White-headed babbler
,,,,roufopus winged bush alrk,seen,,,,Rufous-winged Bushlark
,,,,white breasted kingfisher,seen,,,,White-breasted Kingfisher
,,,,black winged kite,seen,,,,Black-winged kite
,,,,pariah kite,seen,,,,Pariah Kite
,,,,plain wren warbler,seen,,,,Plain Wren Warbler
,,,,little brown dove,seen,,,,Little Brown Dove
,,,,Black drongo,seen,,,,Black Drongo
,,,,common swallow,seen,,,,Common Swallow
,,,,little green beeeater,seen,,,,Little Green Bee-eater
,,,,indian robin,seen,,,,Indian Robin
,,,,Iora,seen,,,,Iora
,,,,twany eagle,seen,,,,Tawny Eagle
,,,,red vented bulbul,seen,,,,Red-vented Bulbul
,,,,Franklins wren warbler,seen,,,,"Franklin""s Wren Warbler"
,,,,great horned owl,seen,,,,great horned owl
,,,,jungle wren warbler,seen,,,,Jungle Wren-Warbler
,,,,roufous bellied babbler,seen,,,,Rufous-bellied Babbler
,,,,Ashy wren warbler,heard,,,,Ashy Wren Warbler
,,,,black backed woodpecker,heard,,,,Black-backed woodpecker
,,,,red vented bulbul,seen,,,,Red-vented Bulbul
,,,,pied bush chat,seen,,,,Pied Bushchat
,,,,coppersmith,seen,,,,Coppersmith
,,,,twany eagle,seen,,,,Tawny Eagle
,,,,pond heron,seen,,,,Pond Heron
,,,,purple rumped sunbird,seen,,,,Purple-rumped Sunbird
,,,,brahminy myna,seen,,,,Brahminy Myna
,,,,brown flycatcher,seen,,,Juvenile,Brown Flycatcher
2-7-00,6:25 am - ,,Cloudy sky,little brown dove,,,,,Little Brown Dove
,,,,spotted dove,,,,,Spotted Dove
,,,,short toed eagle,,,,,Short-toed Eagle
,,,,pariah kite,,,,,Pariah Kite
,,,,white breasted kingfisher,,,,,White-breasted Kingfisher
,,,,myna,,,,,Myna
,,,,tailor bird,,,,,Tailorbird
,,,,white browed bulbul,,,,,White-browed Bulbul
,,,,hoopoe,,,,,Hoopoe
,,,,indian robin,,,,,Indian Robin
,,,,White Headed Babbler,,,,,White-headed babbler
,,,,red vented bulbul,,,,,Red-vented Bulbul
,,,,Tree pie,,,,,Treepie
,,,,sirkeer cuckoo,,,,,Sirkeer Cuckoo
,,,,bush lark,,,,,Bush Lark
,,,,shikra,,,,,Shikra
,,,,Iora,,,,,Iora
,,,,magpie robin,,,,,Magpie Robin
,,,,coucal,,,,,coucal
,,,,little green beeeater,,,,,Little Green Bee-eater
,,,,coppersmith,,,,,Coppersmith
,,,,Franklins wren warbler,,,,,"Franklin""s Wren Warbler"
16-7-00,6:20 am - ,Uday Rock,,Drongo,,,,,Drongo
,,,,spotted dove,,,,,Spotted Dove
,,,,twany eagle,,,,,Tawny Eagle
,,,,roufous tailed finch lark,,,,,Rufous-tailed Finch Lark
,,,,red rumped swallow,,,,,Red-rumped Swallow
,,,,bush chat,,,,,Bush Chat
,,,,Franklins wren warbler,,,,,"Franklin""s Wren Warbler"
,,,,Purple sunbird,,,,,Purple Sunbird
,,,,pond heron,,,,,Pond Heron
,,,,Ashy wren warbler,,,,,Ashy Wren Warbler
,,,,spotted munia,,,,,Spotted Munia
,,,,red vented bulbul,,,,,Red-vented Bulbul
,,,,koel,,,,,Koel
,,,,black winged kite,,,,Black shouldered kite,Black-winged kite
,,,,ashy crowned finch lark,,,,,Ashy-crowned finch lark
,,,,little green beeeater,,,,,Little Green Bee-eater
,,,,large cuckoo shrike,,,,,Large Cuckooshrike
,,,,purple rumped sunbird,,,,,Purple-rumped Sunbird
,,,,white breasted kingfisher,,,,,White-breasted Kingfisher
,,,,indian robin,,,,,Indian Robin
,,,,white headed babler,,,,,White-headed Babbler
,,,,malkoha,,,,,Malkoha
,,,,little brown dove,heard,,,,Little Brown Dove
,,,,Tree pie,heard,,,,Treepie
,,,,Iora,heard,,,,Iora
,,,,Indian wren warbler,,,,,Indian Wren Warbler
,,,,dusky craig martin,,,,,dusky crag martin
,,,,coppersmith,heard,,,,Coppersmith
,,,,brahminy myna,,,,,Brahminy Myna
,,,,briown flycatcher,,,,,Brown Flycatcher
,,,,loten sunbird,,,,,Loten Sunbird
,,,,tickles flowerpecker,,,,,"Tickell""s Flowerpecker"
,,,,blue rock pigeon,,,,,Blue Rock Pigeon
6-8-00,6:15 am - ,,Cloudy sky,little green beeeater,,,,,Little Green Bee-eater
,,,,tickles flowerpecker,,,,,"Tickell""s Flowerpecker"
,,,,red vented bulbul,,,,,Red-vented Bulbul
,,,,house swift,,,,,House Swift
,,,,purp[le sunbird,,,,,Purple Sunbird
,,,,roufous tailed finch lark,,,,,Rufous-tailed Finch Lark
,,,,Iora,,,,,Iora
,,,,Koel,,,,,Koel
,,,,Franklins wren warbler,,,,,"Franklin""s Wren Warbler"
,,,,tailor bird,,,,,Tailorbird
,,,,purple rumped sunbird,,,,,Purple-rumped Sunbird
,,,,white browed bulbul,,,,,White-browed Bulbul
,,,,red whiskered bulbul,,,,,Red-whiskered Bulbul
,,,,indian robin,,,,,Indian Robin
,,,,paradise fly catcher,,,,,Paradise Flycatcher
,,,,magpie robin,,,,,Magpie Robin
,,,,brown flycatcher,,,,,Brown Flycatcher
,,,,little brown dove,,,,,Little Brown Dove
,,,,spotted munia,,,,,Spotted Munia
,,,,ringed dove,,,,,Ringed Dove
,,,,honey buzzard,,,,,Honey Buzzard
,,,,coppersmith,,,,,Coppersmith
13-8-00,6:30 am – 8:00 am,Cave rock hill,,Brown fish owl,,,,,Brown Fish Owl
,,,,loten sunbird,,,,,Loten Sunbird
,,,,tickles flowerpecker,,,,,"Tickell""s Flowerpecker"
,,,,coucal,,,,,coucal
,,,,sirkeer cuckoo,,,M & F,,Sirkeer Cuckoo
,,,,house swift,,,,,House Swift
,,,,Indian robin,,,,,Indian Robin
,,,,little green beeeater,,,,,Little Green Bee-eater
,,,,white browed bulbul,,,,,White-browed Bulbul
,,,,red vented bulbul,,,,,Red-vented Bulbul
,,,,red rumped swallow,,,,,Red-rumped Swallow
,,,,spotted dove,,,,,Spotted Dove
,,,,blue rock pigeon,,,,,Blue Rock Pigeon
,,,,dusky craig martin,,,,,dusky crag martin
,,,,myna,,,,,Myna
,,,,bustard quail,,,,,Bustard Quail
,,,,jungle bush quail,,,,,Jungle Bush Quail
,,,,purple rumped sunbird,,,,,Purple-rumped Sunbird
,,,,common babler,,,,,Common Babbler
,,,,spotted munia,,,,,Spotted Munia
,,,,bush lark,,,,,Bush Lark
,,,,Hoopoe,,,,,Hoopoe
8-10-00,,Mouth of the valley,Partially Cloudy,Iora,,,,,Iora
,,,,greenish leaf warbler,,,,,greenish leaf warbler
,,,,drongo,,,,,drongo
,,,,spotted dove,,,,,Spotted Dove
,,,,white browed bulbul,,,,,White-browed Bulbul
,,,,red vented bulbul,,,,,Red-vented Bulbul
,,,,coucal,,,,,coucal
,,,,loten sunbird,,,,,Loten Sunbird
,,,,coppersmith,,,,,Coppersmith
,,,,small minivet,,,,,Small Minivet
,,,,white headed Babbler,,,,,White-headed Babbler
,,,,grey drongo,,,,,grey drongo
,,,,short toed eagle,,,,,Short-toed Eagle
,,,,pond heron,,,,,Pond Heron
,,,,streaked fantail,,,,,Streaked Fantail
,,,,roufous winged bush lark,,,,,Rufous-winged Bush Lark
,,,,red rumped swallow,,,,,Red-rumped Swallow
,,,,little green beeeater,,,,,Little Green Bee-eater
,,,,grey tit,,,,,grey tit
,,,,Indian robin,,,,,Indian Robin
,,,,Hoopoe,,,,,Hoopoe
,,,,ashy crowned finch lark,,,,,Ashy-crowned finch lark
10-12-00,6:45 am – 8:00 am,Perco Tank,,Golden oriole,,,,,Golden Oriole
,,,,myna,,,,,Myna
,,,,W B bulbul,,,,,White-browed bulbul
,,,,white headed babler,,,,,White-headed Babbler
,,,,Hoopoe,,,,,Hoopoe
,,,,grey drongo,,,,,grey drongo
,,,,Koel,,,,,Koel
,,,,Rose Ringed Parakeet,,,,,Rose-ringed Parakeet
,,,,magpie robin,,,,,Magpie Robin
,,,,ashy wren warbler,,,,,Ashy-wren warbler
,,,,spotted dove,,,,,Spotted Dove
,,,,rose finch,,,,,Rose Finch
,,,,golden backed woodpecker,,,,,golden-backed woodpecker
,,,,purple rumped sunbird,,,,,Purple-rumped Sunbird
,,,,tickles flowerpecker,,,,,"Tickell""s Flowerpecker"
,,,,coucal,,,,,coucal
,,,,blossom headed parakeet,,,,,Blossom-headed Parakeet
,,,,indian tree pipet,,,,,Indian Tree Pipit
,,,,pied wagtail,,,,,Pied Wagtail
,,,,white breasted kingfisher,,,,,White-breasted Kingfisher
,,,,red whiskered bulbul,,,,,Red-whiskered Bulbul
,,,,bush chat,,,F,,Bush Chat
,,,,wren warbler,,,,,Wren Warbler
,,,,little brown dove,,,,,Little Brown Dove
,,,,red wattled lapwing,,,,,Red-wattled Lapwing
,,,,indian roller,,,,,Indian Roller
14-12-00,6:45 am – 8:15 am,Mouth of the valley,,Black drongo,,,,,Black Drongo
,,,,black bellied finch lark,,,,,Black-bellied finch lark
,,,,little brown dove,,,,,Little Brown Dove
,,,,roufous tailed finch lark,,,,,Rufous-tailed Finch Lark
,,,,black winged kite,,,,,Black-winged kite
,,,,spotted dove,,,,,Spotted Dove
,,,,common myna,,,,,Common Myna
,,,,red vented bulbul,,,,,Red-vented Bulbul
,,,,brown shrike,,,,,Brown Shrike
,,,,purple sunbird,,,,,Purple Sunbird
,,,,Tree pie,,,,,Treepie
,,,,pied creasted cuckoo,,,,,Pied Crested Cuckoo
,,,,white eyed buzzard,,,,,White-eyed Buzzard
31-12-00,,Cave rock hill,,grey drongo,,,,,grey drongo
,,,,hair creasted drongo,,,,,Hair-crested Drongo
,,,,white headed Babbler,,,,,White-headed Babbler
,,,,golden oriole,,,M & F,,golden oriole
,,,,spotted owlet,,,,,Spotted Owlet
,,,,Hoopoe,,,,,Hoopoe
,,,,spotted dove,,,,,Spotted Dove
,,,,Koel,,,,,Koel
,,,,coppersmith,,,,,Coppersmith
,,,,indian robin,,,,,Indian Robin
,,,,W B bulbul,,,,,White-browed bulbul
,,,,lesser white throat,,,,,Lesser Whitethroat
,,,,purple sunbird,,,,,Purple Sunbird
,,,,sirkeer cuckoo,,,,,Sirkeer Cuckoo
,,,,Blyths reed warbler,,,,,"Blyth""s Reed Warbler"
,,,,tailor bird,,,,,Tailorbird
,,,,blue rock pigeon,,,,,Blue Rock Pigeon
,,,,blue bearded beeeater,,,,,Blue-bearded Bee-eater
,,,,red vented bulbul,,,,,Red-vented Bulbul
,,,,dusky craig martin,,,,,dusky crag martin
,,,,common babler,,,,,Common Babbler
,,,,rose finch,,,,,Rose Finch
,,,,little brown dove,,,,,Little Brown Dove
,,,,bush lark,,,,,Bush Lark
,,,,B shrike,,,,,B Shrike
,,,,roufous bellied babbler,,,,,Rufous-bellied Babbler
,,,,bush quail,,,,,Bush Quail
,,,,common swallow,,,,,Common Swallow
,,,,red rumped swallow,,,,,Red-rumped Swallow
,,,,kestral,,,,,Kestrel
,,,,tailor bird,,,,,Tailorbird
,,,,purple sunbird,,,,,Purple Sunbird
,,,,lesser white throat,,,,,Lesser Whitethroat
,,,,little green beeeater,,,,,Little Green Bee-eater
,,,,pond heron,,,,,Pond Heron
4-3-01,,Last Lake,,hair creasted drongo,,,,,Hair-crested Drongo
,,,,grey drongo,,,,,grey drongo
,,,,golden oriole,,,,,golden oriole
,,,,magpie robin,,,,,Magpie Robin
,,,,koel,,,,,Koel
,,,,white breasted kingfisher,,,,,White-breasted Kingfisher
,,,,greenish leaf warbler,,,,,greenish leaf warbler
,,,,spotted owlet,,,,,Spotted Owlet
,,,,Hoopoe,,,,,Hoopoe
,,,,green billed malcoha,,,,,green-billed malcoha
,,,,little brown dove,,,,,Little Brown Dove
,,,,roufous bellied finchlark,,,,,Rufous-bellied Finch Lark
,,,,pariah kite,,,,,Pariah Kite
,,,,Iora,,,,,Iora
,,,,lesser white throat,,,,,Lesser Whitethroat
,,,,scarlet minivet,,,,,Scarlet Minivet
,,,,Blyths reed warbler,,,,,"Blyth""s Reed Warbler"
,,,,white browed bulbul,,,,,White-browed Bulbul
,,,,wood shrike,,,,,Woodshrike
,,,,brown flycatcher,,,,,Brown Flycatcher
,,,,black headed cuckoo shrike,,,,,Black-headed cuckooshrike
,,,,paradise fly catcher,,,F,,Paradise Flycatcher
,,,,tickles flowerpecker,,,,,"Tickell""s Flowerpecker"
,,,,purple rumped sunbird,,,,,Purple-rumped Sunbird
,,,,red whiskered bulbul,,,,,Red-whiskered Bulbul
,,,,purple sunbird,,,,,Purple Sunbird
,,,,rufous bellied babbler,,,,,Rufous-bellied Babbler
,,,,yellow eyed babbler,,,,,Yellow-eyed Babbler
,,,,Rose Ringed Parakeet,,,,,Rose-ringed Parakeet
,,,,grey partridge,,,,,grey partridge
,,,,indian robin,,,,,Indian Robin
,,,,coppersmith,,,,,Coppersmith
,,,,black backed woodpecker,,,,,Black-backed woodpecker
,,,,myna,,,,,Myna
,,,,spotted dove,,,,,Spotted Dove
,,,,red rumped swallow,,,,,Red-rumped Swallow
,,,,Black drongo,,,,,Black Drongo
,,,,tailor bird,,,,,Tailorbird
,,,,red vented bulbul,,,,,Red-vented Bulbul
,,,,little green beeeater,,,,,Little Green Bee-eater
24-6-01,6:30 am – 8:00 am,Perco Tank,,tailor bird,,,,,Tailorbird
,,,,coppersmith,,,,,Coppersmith
,,,,tickles flowerpecker,,,,,"Tickell""s Flowerpecker"
,,,,pond heron,,,,,Pond Heron
,,,,golden backed woodpecker,,,,,golden-backed woodpecker
,,,,Iora,,,,,Iora
,,,,white headed Babler,,,,,White-headed Babbler
1-7-01,,Cave rock hill,,red vented bulbul,,,,,Red-vented Bulbul
,,,,spotted dove,,,,,Spotted Dove
,,,,indian robin,,,,,Indian Robin
22-7-01,6:30 am – 8:00 am,Mouth of the valley,Cloudy Sky,indian robin,,,,,Indian Robin
,,,,sirkeer cuckoo,,,,,Sirkeer Cuckoo
,,,,white breasted kingfisher,,,,,White-breasted Kingfisher
,,,,red vented bulbul,,,,,Red-vented Bulbul
,,,,little brown dove,,,,,Little Brown Dove
,,,,pariah kite,,,,,Pariah Kite
,,,,coucal,,,,,coucal
,,,,Indian wren warbler,,,,,Indian Wren Warbler
