Date,Time,Location,Weather,Bird Species,Notes,Count,Sex,Comments,corrected_name,name,id
7-12-97,,,Cloudy Sky,White Headed Babbler,Seen,,,,White-headed babbler,Yellow-billed Babbler - Argya affinis,yebbab1
,,,,White Browed Bulbul,Heard,,,,White-browed bulbul,White-browed Bulbul - Pycnonotus luteolus,whbbul2
,,,,Rose Ringed Parakeet,Seen And Heard,,,,Rose-ringed Parakeet,Rose-ringed Parakeet - Psittacula krameri,rorpar
,,,,Pond Heron,Seen And Heard,,,,Pond Heron,Indian Pond-Heron - Ardeola grayii,inpher1
,,,,Koel,Seen And Heard,,,,Koel,Asian Koel - Eudynamys scolopaceus,asikoe2
,,,,Coucal,Heard,,,,Coucal,Greater Coucal - Centropus sinensis,grecou1
,,,,Spotted Dove,Seen And Heard,,,,Spotted Dove,Spotted Dove - Spilopelia chinensis,spodov
,,,,White Breasted Kingfisher,,,,,White-breasted kingfisher,White-throated Kingfisher - Halcyon smyrnensis,whtkin2
,,,,Drongo,,,,,Drongo,Hair-crested Drongo (Spangled Drongo) - Dicrurus hottentottus,hacdro1
,,,,Pled Waggtail,Seen,,,,Pied Wagtail,White-browed Wagtail (Large Pied Wagtail) - Motacilla maderaspatensis,whbwag1
,,,,Pariah Kite,,,,,Pariah Kite,Black Kite - Milvus migrans,blakit1
,,,,Paddy Field Warbler,,,,,Paddyfield Warbler,Paddyfield Warbler - Acrocephalus agricola,padwar1
,,,,Dove,,,,,Dove,Asian Emerald Dove - Chalcophaps indica,emedov2
,,,,Myna,Seen,,,,Myna,Common Myna - Acridotheres tristis,commyn
,,,,House Crow,,,,,House Crow,House Crow - Corvus splendens,houcro1
,,,,Jungle Crow,,,,,Jungle Crow,Large-billed Crow (Indian Jungle) - Corvus macrorhynchos culminatus,
,,,,Little Egret,,,,,Little Egret,Little Egret - Egretta garzetta,litegr
,,,,Medium Egret,,,,,Intermediate Egret,Intermediate Egret (Medium Egret) - Ardea intermedia,integr1
,,,,Common Swallow,,,,,Common Swallow,Red-rumped Swallow - Cecropis daurica,rerswa1
,,,,Spotted Munia,Seen,,,,Scaly-breasted Munia,Scaly-breasted Munia (Spotted Munia) - Lonchura punctulata,nutman
,,,,White breasted water hen,Seen,,,,White-breasted waterhen,White-breasted Waterhen - Amaurornis phoenicurus,whbwat1
,,,,red whiskered bulbul,,8,,8+ birds seen feeding in the grass,Red-whiskered Bulbul,Red-whiskered Bulbul - Pycnonotus jocosus,rewbul
,,,,red vented bulbul,,,,,Red-vented Bulbul,Red-vented Bulbul - Pycnonotus cafer,revbul
,,Lost Lake,Cloudy Sky,red whiskered bulbul,,,,,Red-whiskered Bulbul,Red-whiskered Bulbul - Pycnonotus jocosus,rewbul
,,,,Rose Ringed Parakeet,Heard,,,,Rose-ringed Parakeet,Rose-ringed Parakeet - Psittacula krameri,rorpar
,,,,Black Drongo,Seen,,,Pair,Black Drongo,Black Drongo - Dicrurus macrocercus,bladro1
,,,,sunbird,seen,,,,Sunbird,Loten's Sunbird (Long-billed Sunbird) - Cinnyris lotenius,lobsun2
,,,,White Headed Babbler,,,,,White-headed babbler,Yellow-billed Babbler - Argya affinis,yebbab1
,,,,malkoha,,,,,Malkoha,Green-billed Malkoha - Phaenicophaeus tristis,grbmal1
,,,,paradise fly catcher,,,,,Paradise Flycatcher,Indian Paradise-Flycatcher - Terpsiphone paradisi,aspfly1
,,,,grey drongo,,,,,grey drongo,Ashy Drongo - Dicrurus leucophaeus,ashdro1
,,,,red vented bulbul,,,,,Red-vented Bulbul,Red-vented Bulbul - Pycnonotus cafer,revbul
,,,,white browed bulbul,,,,,White-browed Bulbul,White-browed Bulbul - Pycnonotus luteolus,whbbul2
,,,,little brown dove,,,,,Little Brown Dove,Laughing Dove (Little Brown Dove) - Spilopelia senegalensis,laudov1
,,,,coucal,,,,,coucal,Greater Coucal - Centropus sinensis,grecou1
,,,,White Headed Babbler,,,,,White-headed babbler,Yellow-billed Babbler - Argya affinis,yebbab1
,,,,white breasted kingfisher,,,,,White-breasted Kingfisher,White-throated Kingfisher - Halcyon smyrnensis,whtkin2
,,,,mottled wood owl,,,,,Mottled Wood Owl,Mottled Wood-Owl - Strix ocellata,mowowl1
,,,,plaintive cuckoo,,,,,Plaintive Cuckoo,Plaintive Cuckoo - Cacomantis merulinus,placuc1
,,,,jungle night jar,,,,17 calls in 1 min (7:30 pm),Jungle Nightjar,Jungle Nightjar (Indian Jungle Nightjar) - Caprimulgus indicus,grynig2
14-12-97,,,Cloudy Sky,purple rumped sunbird,,,,,Purple-rumped Sunbird,Purple-rumped Sunbird - Leptocoma zeylonica,pursun3
,,,,Pariah kite,,,,,Pariah Kite,Black Kite - Milvus migrans,blakit1
,,,,red whiskered bulbul,,,,,Red-whiskered Bulbul,Red-whiskered Bulbul - Pycnonotus jocosus,rewbul
,,,,crimson breasted barbet,,,,,crimson-breasted barbet,Coppersmith Barbet - Psilopogon haemacephalus,copbar1
,,,,Black Drongo,,,,,Black Drongo,Black Drongo - Dicrurus macrocercus,bladro1
,,,,white browed bulbul,,,,,White-browed Bulbul,White-browed Bulbul - Pycnonotus luteolus,whbbul2
,,,,Rose Ringed Parakeet,,,,,Rose-ringed Parakeet,Rose-ringed Parakeet - Psittacula krameri,rorpar
,,,,spotted dove,,,,,Spotted Dove,Spotted Dove - Spilopelia chinensis,spodov
,,,,coucal,,,,,coucal,Greater Coucal - Centropus sinensis,grecou1
,,,,koel,,,F,,Koel,Asian Koel - Eudynamys scolopaceus,asikoe2
,,,,myna,,,,,Myna,Common Myna - Acridotheres tristis,commyn
,,,,paradise fly catcher,,,F,,Paradise Flycatcher,Indian Paradise-Flycatcher - Terpsiphone paradisi,aspfly1
,,,,roufous bellied babbler,,,,,Rufous-bellied Babbler,Tawny-bellied Babbler - Dumetia hyperythra,tabbab1
,,,,White breasted water hen,,,,,White-breasted waterhen,White-breasted Waterhen - Amaurornis phoenicurus,whbwat1
,,,,pond heron,,,,,Pond Heron,Indian Pond-Heron - Ardeola grayii,inpher1
,,,,little herron,,,,,Little Heron,Striated Heron (Little Heron) - Butorides striata,strher
,,,,Taylor bird,,,,,Tailorbird,Common Tailorbird - Orthotomus sutorius,comtai1
,,,,pied waggtail,,,,,Pied Wagtail,White-browed Wagtail (Large Pied Wagtail) - Motacilla maderaspatensis,whbwag1
,,,,egret,,,,,egret,Intermediate Egret (Medium Egret) - Ardea intermedia,integr1
,,,,cattle egret,,,,,Cattle Egret,Eastern Cattle Egret - Bubulcus coromandus,categr2
,,,,dabchick,,,,,dabchick,Little Grebe - Tachybaptus ruficollis,litgre1
,,,,red vented bulbul,,,,,Red-vented Bulbul,Red-vented Bulbul - Pycnonotus cafer,revbul
,,,,pied bushchat,,,,,Pied Bushchat,Pied Bushchat - Saxicola caprata,piebus1
,,,,Warbler?,,,,,Warbler,Blyth's Reed Warbler - Acrocephalus dumetorum,blrwar1
,,,,drongo,,,,,drongo,Hair-crested Drongo (Spangled Drongo) - Dicrurus hottentottus,hacdro1
,,,,common swallow,,,,,Common Swallow,Red-rumped Swallow - Cecropis daurica,rerswa1
,,,,white breasted kingfisher,,,,,White-breasted Kingfisher,White-throated Kingfisher - Halcyon smyrnensis,whtkin2
,,,,plaintive cuckoo,,,,,Plaintive Cuckoo,Plaintive Cuckoo - Cacomantis merulinus,placuc1
,,,,mottled wood owl,,,,,Mottled Wood Owl,Mottled Wood-Owl - Strix ocellata,mowowl1
,8:00 am – 10:00 am,"Obulnayan Cheruvu (Irrigation canal)
Papanayan Cheruvu",Cloudy Sky,white breasted kingfisher,,2,,,White-breasted Kingfisher,White-throated Kingfisher - Halcyon smyrnensis,whtkin2
,,,,medium egret,,1,,,Medium Egret,Intermediate Egret (Medium Egret) - Ardea intermedia,integr1
,,,,little egret,,32+1+27+1,,,Little Egret,Little Egret - Egretta garzetta,litegr
,,,,BW stilts,,2,,,BW Stilts,,
,,,,singing bush lark,,2,,,Singing Bush Lark,Singing Bushlark - Mirafra javanica,sinbus6
,,,,Cormorant,,2+4+2+3,,,Cormorant,Little Cormorant - Microcarbo niger,litcor1
,,,,wagtails,,3,,,Wagtails,White-browed Wagtail (Large Pied Wagtail) - Motacilla maderaspatensis,whbwag1
,,,,Munia,,6+1+13,,,Munia,Tricolored Munia (Black-headed Munia) - Lonchura malacca,trimun
,,,,Grey heron,,3+1,,,Grey Heron,Grey Heron - Ardea cinerea,graher1
,,,,Coot,,1+1+2,,,Coot,Eurasian Coot - Fulica atra,eurcoo
,,,,Brahminiy kite,,,,I juvenile,Brahminy Kite,Brahminy Kite - Haliastur indus,brakit1
,,,,pond heron,,,,,Pond Heron,Indian Pond-Heron - Ardeola grayii,inpher1
,,,,swallows,,5+1,,,Swallows,,
,,,,green bee eater,,,,,green bee-eater,Asian Green Bee-eater - Merops orientalis,grnbee3
,,,,pintail,,,,,Pintail,Northern Pintail - Anas acuta,norpin
,,,,Shoveller,,,,,Shoveler,Northern Shoveler - Spatula clypeata,norsho
,,,,marsh harrier,,,,,Marsh Harrier,Western Marsh Harrier - Circus aeruginosus,wemhar1
,,,,Red wattled Lapwing,,,,,Red-wattled Lapwing,Red-wattled Lapwing - Vanellus indicus,rewlap1
,,,,Stilt,,,,,Stilt,Black-winged Stilt - Himantopus himantopus,bkwsti
,,,,Spot bill,,,,,Spot-bill,Indian Spot-billed Duck - Anas poecilorhyncha,isbduc1
,,,,Large egret,,,,,Large Egret,Great Egret - Ardea alba,greegr
,,,,Grey Heron,,,,,Grey Heron,Grey Heron - Ardea cinerea,graher1
,,,,Cormorant,,109?,,,Cormorant,Little Cormorant - Microcarbo niger,litcor1
,,,,vigions,,,,,Flycatcher,Indian Paradise-Flycatcher - Terpsiphone paradisi,aspfly1
,,,,common teel,,,,,Common Teal,Green-winged Teal (Common Teal) - Anas crecca,gnwtea
,,,,Twany eagle,,,,,Tawny eagle,Tawny Eagle - Aquila rapax,taweag1
,,,,Myna,,,,,Myna,Common Myna - Acridotheres tristis,commyn
,,,,L Egerets,,23,,,Large Egrets,Great Egret - Ardea alba,greegr
,,,,Cattle egrets,,21,,,Cattle Egrets,Western/Eastern Cattle Egret - Bubulcus ibis/coromandus,
,,,,red rumped swallow,,Over 100+200,,,Red-rumped Swallow,Red-rumped Swallow - Cecropis daurica,rerswa1
,,,,Dabchick,,,,,Dabchick,Little Grebe - Tachybaptus ruficollis,litgre1
,,,,little commonds,,50,,,Little Cormorant,Little Cormorant - Microcarbo niger,litcor1
,,,,white ringed plover,,12,,,White-ringed Plover,Little Ringed Plover - Charadrius dubius,lirplo
,,,,pintail,,20,,,Pintail,Northern Pintail - Anas acuta,norpin
,,,,Comon sandpiper,,2,,,Common Sandpiper,Common Sandpiper - Actitis hypoleucos,comsan
,,,,Large grey babbler,,3,,,Large Grey Babbler,Large Grey Babbler - Argya malcolmi,lagbab2
10-1-98,4:15 pm – 6:00 pm,,"Clear Sky, Bright sunshine",red whiskered bulbul,,,,,Red-whiskered Bulbul,Red-whiskered Bulbul - Pycnonotus jocosus,rewbul
,,,,coppersmith,,,,,Coppersmith,Coppersmith Barbet - Psilopogon haemacephalus,copbar1
,,,,Iora,heard,,,,Iora,Common Iora - Aegithina tiphia,comior1
,,,,koel,,,,,Koel,Asian Koel - Eudynamys scolopaceus,asikoe2
,,,,purple rumped sunbird,,,,,Purple-rumped Sunbird,Purple-rumped Sunbird - Leptocoma zeylonica,pursun3
,,,,pond heron,,,,,Pond Heron,Indian Pond-Heron - Ardeola grayii,inpher1
,,,,oriole,,,F,,Oriole,Indian Golden Oriole - Oriolus kundoo,ingori1
,,,,sunbird,,,,,Sunbird,Loten's Sunbird (Long-billed Sunbird) - Cinnyris lotenius,lobsun2
,,,,grey drongo,,,,,grey drongo,Ashy Drongo - Dicrurus leucophaeus,ashdro1
,,,,red vented bulbul,,,,,Red-vented Bulbul,Red-vented Bulbul - Pycnonotus cafer,revbul
,,,,purple rumped sunbird,,,,,Purple-rumped Sunbird,Purple-rumped Sunbird - Leptocoma zeylonica,pursun3
,,,,grey shrike,,,,,grey shrike,Great Grey Shrike - Lanius excubitor,norshr1
,,,,spotted dove,,,,,Spotted Dove,Spotted Dove - Spilopelia chinensis,spodov
,,,,Rose Ringed Parakeet,,,,,Rose-ringed Parakeet,Rose-ringed Parakeet - Psittacula krameri,rorpar
,,,,White Headed Babbler,,,,,White-headed babbler,Yellow-billed Babbler - Argya affinis,yebbab1
,,,,white breasted kingfisher,,,,,White-breasted Kingfisher,White-throated Kingfisher - Halcyon smyrnensis,whtkin2
,,,,golden backed woodpecker,heard,,,,golden-backed woodpecker,Black-rumped Flameback (Lesser Goldenbacked Woodpecker) - Dinopium benghalense,bkrfla1
,,,,White breasted water hen,,,,,White-breasted waterhen,White-breasted Waterhen - Amaurornis phoenicurus,whbwat1
,,,,dove,,,,,dove,Asian Emerald Dove - Chalcophaps indica,emedov2
,,,,egeret,,,,,egret,Intermediate Egret (Medium Egret) - Ardea intermedia,integr1
,,,,dabchick,,7+1+1,,,dabchick,Little Grebe - Tachybaptus ruficollis,litgre1
,,,,Common bee eater,,,,,Common Bee Eater,Asian Green Bee-eater - Merops orientalis,grnbee3
,,,,Red wattled Lapwing,,,,,Red-wattled Lapwing,Red-wattled Lapwing - Vanellus indicus,rewlap1
,,,,small blue kingfisher,,,,,Small Blue Kingfisher,Common Kingfisher (Small Blue Kingfisher) - Alcedo atthis,comkin1
,,,,Warbler,,,,,Warbler,Blyth's Reed Warbler - Acrocephalus dumetorum,blrwar1
,,,,white browed bulbul,,,,,White-browed Bulbul,White-browed Bulbul - Pycnonotus luteolus,whbbul2
,,,,pied kingfisher,,,,,Pied Kingfisher,Pied Kingfisher - Ceryle rudis,piekin1
,,,,blue rock pigeon,,,,,Blue Rock Pigeon,Rock Pigeon (Blue Rock Pigeon) - Columba livia,rocpig
,,,,common myna,,,,,Common Myna,Common Myna - Acridotheres tristis,commyn
,,,,coucal,,,,,coucal,Greater Coucal - Centropus sinensis,grecou1
,,,,spotted munia,,,,,Spotted Munia,Scaly-breasted Munia (Spotted Munia) - Lonchura punctulata,nutman
,,,,swallow,,,,,Swallow,Red-rumped Swallow - Cecropis daurica,rerswa1
,,,,taylor bird,,,,,Tailorbird,Common Tailorbird - Orthotomus sutorius,comtai1
,,,,house crow,,,,,House Crow,House Crow - Corvus splendens,houcro1
,,,,jungle crow,,,,,Jungle Crow,Large-billed Crow (Indian Jungle) - Corvus macrorhynchos culminatus,
,,,,Pariah kite,,,,,Pariah Kite,Black Kite - Milvus migrans,blakit1
,4:20 pm – 6:00 pm,,Clear Sky,red whiskered bulbul,,,,Pair,Red-whiskered Bulbul,Red-whiskered Bulbul - Pycnonotus jocosus,rewbul
,,,,White Headed Babbler,,,,,White-headed babbler,Yellow-billed Babbler - Argya affinis,yebbab1
,,,,purple rumped sunbird,,,,,Purple-rumped Sunbird,Purple-rumped Sunbird - Leptocoma zeylonica,pursun3
,,,,koel,,,,,Koel,Asian Koel - Eudynamys scolopaceus,asikoe2
,,,,Coucal,heard,,,,Coucal,Greater Coucal - Centropus sinensis,grecou1
,,,,spotted dove,,,,,Spotted Dove,Spotted Dove - Spilopelia chinensis,spodov
,,,,grey drongo,,,,,grey drongo,Ashy Drongo - Dicrurus leucophaeus,ashdro1
,,,,purple sunbird,,,,,Purple Sunbird,Purple-rumped Sunbird - Leptocoma zeylonica,pursun3
,,,,Rose Ringed Parakeet,,,,,Rose-ringed Parakeet,Rose-ringed Parakeet - Psittacula krameri,rorpar
,,,,small green bee eater,,,,,Small Green Bee-eater,Asian Green Bee-eater - Merops orientalis,grnbee3
,,,,little minivet,,,,,Little Minivet,Small Minivet - Pericrocotus cinnamomeus,smamin1
,,,,iora,,,,,Iora,Common Iora - Aegithina tiphia,comior1
,,,,blck headed cuckoo shrike,,,,,Black-headed Cuckoo Shrike,Black-headed Cuckooshrike - Lalage melanoptera,bkhcus1
,,,,indian cuckoo,,,,,Indian Cuckoo,Indian Cuckoo - Cuculus micropterus,indcuc1
,,,,taylor bird,,,,,Tailorbird,Common Tailorbird - Orthotomus sutorius,comtai1
,,,,white breasted kingfisher,heard,,,,White-breasted Kingfisher,White-throated Kingfisher - Halcyon smyrnensis,whtkin2
,,,,pond heron,,,,,Pond Heron,Indian Pond-Heron - Ardeola grayii,inpher1
,,,,Red wattled Lapwing,,,,,Red-wattled Lapwing,Red-wattled Lapwing - Vanellus indicus,rewlap1
,,,,hair creasted drongo,,,,,Hair-crested Drongo,Hair-crested Drongo (Spangled Drongo) - Dicrurus hottentottus,hacdro1
,,,,pied wagtail,,,,,Pied Wagtail,White-browed Wagtail (Large Pied Wagtail) - Motacilla maderaspatensis,whbwag1
,,,,red flower pecker,,,,,Red-flowered Sunbird,,
,,,,little brown dove,,,,,Little Brown Dove,Laughing Dove (Little Brown Dove) - Spilopelia senegalensis,laudov1
,,,,roufous bellied babbler,,,,,Rufous-bellied Babbler,Tawny-bellied Babbler - Dumetia hyperythra,tabbab1
,,,,golden black kingfisher?,,,,,golden black kingfisher,,
,,,,White breasted water hen,,,,,White-breasted waterhen,White-breasted Waterhen - Amaurornis phoenicurus,whbwat1
,,,,jungle babbler,,,,,Jungle Babbler,Jungle Babbler - Argya striata,junbab2
,,,,myna,,,,,Myna,Common Myna - Acridotheres tristis,commyn
,,,,paradise fly catcher,,,,,Paradise Flycatcher,Indian Paradise-Flycatcher - Terpsiphone paradisi,aspfly1
,,,,dabchick,,,,,dabchick,Little Grebe - Tachybaptus ruficollis,litgre1
,,,,tree pie,,,,,Treepie,Rufous Treepie - Dendrocitta vagabunda,ruftre2
,,Sumavanam,Clear Sky,pariah kite,,,,,Pariah Kite,Black Kite - Milvus migrans,blakit1
,,,,Black Drongo,,,,,Black Drongo,Black Drongo - Dicrurus macrocercus,bladro1
,,,,purple sunbird,,,,,Purple Sunbird,Purple-rumped Sunbird - Leptocoma zeylonica,pursun3
,,,,red vented bulbul,,,,,Red-vented Bulbul,Red-vented Bulbul - Pycnonotus cafer,revbul
,,,,marsh harrier,,,,,Marsh Harrier,Western Marsh Harrier - Circus aeruginosus,wemhar1
,,,,myna,,,,,Myna,Common Myna - Acridotheres tristis,commyn
,,,,White Headed Babbler,,,,,White-headed babbler,Yellow-billed Babbler - Argya affinis,yebbab1
,,,,iora,heard,,,,Iora,Common Iora - Aegithina tiphia,comior1
,,,,creasted serpant eagle,,,,,crested serpent eagle,Crested Serpent-Eagle - Spilornis cheela,crseag1
,,,,indian robin,,,,,Indian Robin,Indian Robin - Copsychus fulicatus,indrob1
,,,,little brown dove,,,,,Little Brown Dove,Laughing Dove (Little Brown Dove) - Spilopelia senegalensis,laudov1
,,,,pond herron,,,,,Pond Heron,Indian Pond-Heron - Ardeola grayii,inpher1
,,,,egret,,,,,egret,Intermediate Egret (Medium Egret) - Ardea intermedia,integr1
,,,,shikra,,,,,Shikra,Shikra - Accipiter badius,shikra1
,,,,long tailed night jar,,,,,Long-tailed Nightjar,Long-tailed Nightjar - Caprimulgus climacurus,lotnig1
,,,,paradise fly catcher,,,,,Paradise Flycatcher,Indian Paradise-Flycatcher - Terpsiphone paradisi,aspfly1
,,,,ashy crowned finch lark,,,,,Ashy-crowned finch lark,Ashy-crowned Sparrow-Lark (Ashy-crowned Finch-Lark) - Eremopterix griseus,ascspl1
,,,,House swift,,,,,House Swift,Little Swift (Indian House Swift) - Apus affinis,litswi1
,,,,bush lark,,,,"vegetation: Dodonia vescosa, lantana, dwarf acacia",Bush Lark,Indian Bushlark (Red-winged Bushlark) - Mirafra erythroptera,indbus2
,,,,merlin?,,,,,Merlin,,
,,,,white breasted kingfisher,,,,,White-breasted Kingfisher,White-throated Kingfisher - Halcyon smyrnensis,whtkin2
,,,,Rose Ringed Parakeet,,,,,Rose-ringed Parakeet,Rose-ringed Parakeet - Psittacula krameri,rorpar
,,,,baya weaver bird,,,,Nest seen,Baya weaver,Baya Weaver - Ploceus philippinus,baywea1
,,,,Indian roller,,,,,Indian Roller,Indian Roller - Coracias benghalensis,indrol2
,,,,bush lark,,,,,Bush Lark,Indian Bushlark (Red-winged Bushlark) - Mirafra erythroptera,indbus2
,,,,small green beeeater,,,,,Small Green Bee-eater,Asian Green Bee-eater - Merops orientalis,grnbee3
,,,,tree pie,,,,,Treepie,Rufous Treepie - Dendrocitta vagabunda,ruftre2
23-1-98,,,"Clear Sky, Sunny",purple sunbird,,2 pairs,,,Purple Sunbird,Purple-rumped Sunbird - Leptocoma zeylonica,pursun3
,,,,purple rumped sunbird,,2 pairs,,,Purple-rumped Sunbird,Purple-rumped Sunbird - Leptocoma zeylonica,pursun3
,,,,Rose Ringed Parakeet,,,,,Rose-ringed Parakeet,Rose-ringed Parakeet - Psittacula krameri,rorpar
,,,,white browed bulbul,,,,,White-browed Bulbul,White-browed Bulbul - Pycnonotus luteolus,whbbul2
,,,,blue rock pigeon,,,,,Blue Rock Pigeon,Rock Pigeon (Blue Rock Pigeon) - Columba livia,rocpig
,,,,red whiskered bulbul,,,,,Red-whiskered Bulbul,Red-whiskered Bulbul - Pycnonotus jocosus,rewbul
,,,,grey drongo,,,,,grey drongo,Ashy Drongo - Dicrurus leucophaeus,ashdro1
,,,,coppersmith,,,,,Coppersmith,Coppersmith Barbet - Psilopogon haemacephalus,copbar1
,,,,hair creasted drongo,,,,Juvenile,Hair-crested Drongo,Hair-crested Drongo (Spangled Drongo) - Dicrurus hottentottus,hacdro1
,,,,spotted dove,,,,,Spotted Dove,Spotted Dove - Spilopelia chinensis,spodov
,,,,spotted munia,,,,,Spotted Munia,Scaly-breasted Munia (Spotted Munia) - Lonchura punctulata,nutman
,,,,pied wagtail,,,,,Pied Wagtail,White-browed Wagtail (Large Pied Wagtail) - Motacilla maderaspatensis,whbwag1
,,,,white breasted kingfisher,,,,,White-breasted Kingfisher,White-throated Kingfisher - Halcyon smyrnensis,whtkin2
,,,,small green beeeater,,,,,Small Green Bee-eater,Asian Green Bee-eater - Merops orientalis,grnbee3
,,,,common myna,,,,,Common Myna,Common Myna - Acridotheres tristis,commyn
,,,,pond heron,,,,,Pond Heron,Indian Pond-Heron - Ardeola grayii,inpher1
26-1-98,4:15 pm - ,,"Clear Sky, Sunny",median egeret,,,,,Median Egret,Intermediate Egret (Medium Egret) - Ardea intermedia,integr1
,,,,pied wagtail,,,,,Pied Wagtail,White-browed Wagtail (Large Pied Wagtail) - Motacilla maderaspatensis,whbwag1
,,,,little egret,,,,,Little Egret,Little Egret - Egretta garzetta,litegr
,,,,dabchick,,,,,dabchick,Little Grebe - Tachybaptus ruficollis,litgre1
,,,,pond heron,,,,,Pond Heron,Indian Pond-Heron - Ardeola grayii,inpher1
,,,,cattle egeret,,,,,Cattle Egret,Eastern Cattle Egret - Bubulcus coromandus,categr2
,,,,Indian robin,,,,,Indian Robin,Indian Robin - Copsychus fulicatus,indrob1
,,,,little green beeeater,,,,,Little Green Bee-eater,Asian Green Bee-eater - Merops orientalis,grnbee3
,,,,Warbler ?,,,,,Warbler,Blyth's Reed Warbler - Acrocephalus dumetorum,blrwar1
,,,,neophron,,,,,Neophron,Egyptian Vulture - Neophron percnopterus,egyvul1
,,,,Twany eagle,,,,,Tawny eagle,Tawny Eagle - Aquila rapax,taweag1
,,,,house swift,,,,,House Swift,Little Swift (Indian House Swift) - Apus affinis,litswi1
,,,,shikra,,,,,Shikra,Shikra - Accipiter badius,shikra1
,,,,red wattled lapwing,,,,,Red-wattled Lapwing,Red-wattled Lapwing - Vanellus indicus,rewlap1
,,,,little brown dove,,,,,Little Brown Dove,Laughing Dove (Little Brown Dove) - Spilopelia senegalensis,laudov1
,,,,white throated munia,,,,,White-throated Munia,Indian Silverbill (White-throated Munia) - Euodice malabarica,indsil
,,,,bush lark,,,,,Bush Lark,Indian Bushlark (Red-winged Bushlark) - Mirafra erythroptera,indbus2
,,,,black eagle,,,,,Black eagle,Black Eagle - Ictinaetus malaiensis,blaeag1
,,,,pied bushchat,,,,,Pied Bushchat,Pied Bushchat - Saxicola caprata,piebus1
,,,,blue rock pigeon,,,,,Blue Rock Pigeon,Rock Pigeon (Blue Rock Pigeon) - Columba livia,rocpig
,,,,red vented bulbul,,,,,Red-vented Bulbul,Red-vented Bulbul - Pycnonotus cafer,revbul
,,,,common swallow,,,,,Common Swallow,Red-rumped Swallow - Cecropis daurica,rerswa1
,,,,singing bush lark,,,,,Singing Bush Lark,Singing Bushlark - Mirafra javanica,sinbus6
,,,,Black Drongo,,,,,Black Drongo,Black Drongo - Dicrurus macrocercus,bladro1
,,,,reed warbler,,,,,Reed Warbler,Blyth's Reed Warbler - Acrocephalus dumetorum,blrwar1
,,,,myna,,,,,Myna,Common Myna - Acridotheres tristis,commyn
,,,,white breasted kingfisher,,,,,White-breasted Kingfisher,White-throated Kingfisher - Halcyon smyrnensis,whtkin2
,,,,bush chat,,,,,Bush Chat,Pied Bushchat - Saxicola caprata,piebus1
,,,,ashy crowned finch lark,,,,,Ashy-crowned finch lark,Ashy-crowned Sparrow-Lark (Ashy-crowned Finch-Lark) - Eremopterix griseus,ascspl1
,,,,Rose Ringed Parakeet,,,,,Rose-ringed Parakeet,Rose-ringed Parakeet - Psittacula krameri,rorpar
,,,,purple sunbird,,,,,Purple Sunbird,Purple-rumped Sunbird - Leptocoma zeylonica,pursun3
,,,,roufous backed shrike,,,,,Rufous-backed Shrike,Long-tailed Shrike - Lanius schach,lotshr1
,,,,black winged kite,,,,,Black-winged kite,Black-winged Kite (Black-shouldered Kite) - Elanus caeruleus,bkskit1
14-2-98,4:45 pm - ,,"Clear Sky, Sunny",hair creasted drongo,seen,,,,Hair-crested Drongo,Hair-crested Drongo (Spangled Drongo) - Dicrurus hottentottus,hacdro1
,,,,green reed warbler,seen,,,,green reed warbler,,
,,,,railor bird,seen,,,,Railor Bird,Common Tailorbird - Orthotomus sutorius,comtai1
,,,,greenish leaf warbler,seen,,,,greenish leaf warbler,Greenish Warbler - Phylloscopus trochiloides,grewar3
,,,,purple rumped sunbird,seen,,,,Purple-rumped Sunbird,Purple-rumped Sunbird - Leptocoma zeylonica,pursun3
,,,,shikra,seen,,,,Shikra,Shikra - Accipiter badius,shikra1
,,,,coppersmith,heard,,,,Coppersmith,Coppersmith Barbet - Psilopogon haemacephalus,copbar1
,,,,white browed bulbul,heard,,,,White-browed Bulbul,White-browed Bulbul - Pycnonotus luteolus,whbbul2
,,,,little brown dove,heard,,,,Little Brown Dove,Laughing Dove (Little Brown Dove) - Spilopelia senegalensis,laudov1
20-6-98,4:30 pm – 6:00 pm,,Cloudy Sky,red vented bulbul,seen,,,,Red-vented Bulbul,Red-vented Bulbul - Pycnonotus cafer,revbul
,,,,spotted dove,seen,,,,Spotted Dove,Spotted Dove - Spilopelia chinensis,spodov
,,,,red whiskered bulbul,seen,,,,Red-whiskered Bulbul,Red-whiskered Bulbul - Pycnonotus jocosus,rewbul
,,,,pariah kite,seen,,,,Pariah Kite,Black Kite - Milvus migrans,blakit1
,,,,purple rumped sunbird,seen,,,,Purple-rumped Sunbird,Purple-rumped Sunbird - Leptocoma zeylonica,pursun3
,,,,purple sunbird,seen,,,,Purple Sunbird,Purple-rumped Sunbird - Leptocoma zeylonica,pursun3
,,,,green bee eater,seen,,,,green bee-eater,Asian Green Bee-eater - Merops orientalis,grnbee3
,,,,munia,seen,,,,Munia,Tricolored Munia (Black-headed Munia) - Lonchura malacca,trimun
,,,,coppersmith,seen,,,,Coppersmith,Coppersmith Barbet - Psilopogon haemacephalus,copbar1
,,,,Malcoha,seen,,,,Malkoha,Green-billed Malkoha - Phaenicophaeus tristis,grbmal1
,,,,Scavenger vulture,seen,,,,Scavenger Vulture,Egyptian Vulture - Neophron percnopterus,egyvul1
,,,,white eyed buzzard,seen,,,,White-eyed Buzzard,White-eyed Buzzard - Butastur teesa,whebuz1
,,,,little brown dove,seen,,,,Little Brown Dove,Laughing Dove (Little Brown Dove) - Spilopelia senegalensis,laudov1
,,,,Shikra,seen,,,,Shikra,Shikra - Accipiter badius,shikra1
,,,,tailor bird,heard,,,,Tailorbird,Common Tailorbird - Orthotomus sutorius,comtai1
4-7-98,4:30 pm – 6:00 pm,,Cloudy Sky,Bee eater,,,,,Bee Eater,Asian Green Bee-eater - Merops orientalis,grnbee3
,,,,Iora,,,,,Iora,Common Iora - Aegithina tiphia,comior1
,,,,white browed bulbul,,,,,White-browed Bulbul,White-browed Bulbul - Pycnonotus luteolus,whbbul2
,,,,spotted dove,,,,,Spotted Dove,Spotted Dove - Spilopelia chinensis,spodov
4-7-98,4:30 pm – 6:00 pm,,Cloudy Sky,Dove,,,,,Dove,Asian Emerald Dove - Chalcophaps indica,emedov2
,,,,Lotan sunbird,,,,,Loten Sunbird,Loten's Sunbird (Long-billed Sunbird) - Cinnyris lotenius,lobsun2
,,,,white breasted kingfisher,,,,,White-breasted Kingfisher,White-throated Kingfisher - Halcyon smyrnensis,whtkin2
15-8-98,,,Cloudy Sky,ashywren warbler,,,,,Ashy-wren warbler,Ashy Prinia - Prinia socialis,ashpri1
,,,,red whiskered bulbul,,,,,Red-whiskered Bulbul,Red-whiskered Bulbul - Pycnonotus jocosus,rewbul
,,,,spotted dove,,,,,Spotted Dove,Spotted Dove - Spilopelia chinensis,spodov
,,,,blue rock pigeon,,,,,Blue Rock Pigeon,Rock Pigeon (Blue Rock Pigeon) - Columba livia,rocpig
,,,,Loten sunbird,,,,,Loten Sunbird,Loten's Sunbird (Long-billed Sunbird) - Cinnyris lotenius,lobsun2
,,,,white browed bulbul,,,,,White-browed Bulbul,White-browed Bulbul - Pycnonotus luteolus,whbbul2
,,,,purple rumped sunbird,,,,,Purple-rumped Sunbird,Purple-rumped Sunbird - Leptocoma zeylonica,pursun3
,,,,spotted bulbul,,,,,Spotted Bulbul,,
,,,,little green beeeater,,,,,Little Green Bee-eater,Asian Green Bee-eater - Merops orientalis,grnbee3
,,,,white breasted kingfisher,,,,,White-breasted Kingfisher,White-throated Kingfisher - Halcyon smyrnensis,whtkin2
,,,,ringed dove,,,,,Ringed Dove,Eurasian Collared-Dove - Streptopelia decaocto,eucdov
,,,,magpie robin,,,,,Magpie Robin,Oriental Magpie-Robin - Copsychus saularis,magrob
,,,,tickles flowerpecker,,,,,"Tickell""s Flowerpecker",Pale-billed Flowerpecker - Dicaeum erythrorhynchos,pabflo1
,,,,Rose Ringed Parakeet,,,,,Rose-ringed Parakeet,Rose-ringed Parakeet - Psittacula krameri,rorpar
,,,,Black Drongo,,,,,Black Drongo,Black Drongo - Dicrurus macrocercus,bladro1
,,,,pond heron,,,,,Pond Heron,Indian Pond-Heron - Ardeola grayii,inpher1
,,,,streaked fantail warbler,,,,,Streaked Fantail Warbler,,
,,,,myna,,,,,Myna,Common Myna - Acridotheres tristis,commyn
,,,,pied kingfisher,,,,,Pied Kingfisher,Pied Kingfisher - Ceryle rudis,piekin1
,,,,White Headed Babbler,,,,,White-headed babbler,Yellow-billed Babbler - Argya affinis,yebbab1
,,,,pied wagtail,,,,,Pied Wagtail,White-browed Wagtail (Large Pied Wagtail) - Motacilla maderaspatensis,whbwag1
,,,,spotted owlet,,,,,Spotted Owlet,Spotted Owlet - Athene brama,spoowl1
,,,,egret,,,,,egret,Intermediate Egret (Medium Egret) - Ardea intermedia,integr1
,,,,pied bushchat,,,,,Pied Bushchat,Pied Bushchat - Saxicola caprata,piebus1
,,,,red rumped swallow,,,,,Red-rumped Swallow,Red-rumped Swallow - Cecropis daurica,rerswa1
,,,,small blue kingfisher,,,,,Small Blue Kingfisher,Common Kingfisher (Small Blue Kingfisher) - Alcedo atthis,comkin1
,,,,paradise fly catcher,,,,,Paradise Flycatcher,Indian Paradise-Flycatcher - Terpsiphone paradisi,aspfly1
,,,,mottled wood owl,,,,,Mottled Wood Owl,Mottled Wood-Owl - Strix ocellata,mowowl1
12-9-98,,,Cloudy Sky,little green beeeater,,,,,Little Green Bee-eater,Asian Green Bee-eater - Merops orientalis,grnbee3
,,,,tree pie,,,,,Treepie,Rufous Treepie - Dendrocitta vagabunda,ruftre2
,,,,bulbul,,,,,Bulbul,Red-vented Bulbul - Pycnonotus cafer,revbul
,,,,white browed bulbul,,,,,White-browed Bulbul,White-browed Bulbul - Pycnonotus luteolus,whbbul2
,,,,wren warbler,,,,,Wren Warbler,,
,,,,red vented bulbul,,,,,Red-vented Bulbul,Red-vented Bulbul - Pycnonotus cafer,revbul
,,,,koel,,,F,,Koel,Asian Koel - Eudynamys scolopaceus,asikoe2
,,,,Indian Robin,,,F,,Indian Robin,Indian Robin - Copsychus fulicatus,indrob1
,,,,White Headed Babbler,,,,,White-headed babbler,Yellow-billed Babbler - Argya affinis,yebbab1
,,,,purple rumped sunbird,,,,,Purple-rumped Sunbird,Purple-rumped Sunbird - Leptocoma zeylonica,pursun3
,,,,spotted dove,,,,,Spotted Dove,Spotted Dove - Spilopelia chinensis,spodov
19-9-98,,,,Grey drongo,,,,,Grey Drongo,Ashy Drongo - Dicrurus leucophaeus,ashdro1
,,,,golden oriole,,,,,golden oriole,Indian Golden Oriole - Oriolus kundoo,ingori1
,,,,freenish leaf warbler,,,,,greenish leaf warbler,Greenish Warbler - Phylloscopus trochiloides,grewar3
,,,,kestral,,,,,Kestrel,Eurasian Kestrel (Common Kestrel) - Falco tinnunculus,eurkes
,,,,black drongo,,,,,Black drongo,Black Drongo - Dicrurus macrocercus,bladro1
,,,,red vented bulbul,,,,,Red-vented Bulbul,Red-vented Bulbul - Pycnonotus cafer,revbul
,,,,short toed eagle,,,,,Short-toed Eagle,Short-toed Snake-Eagle - Circaetus gallicus,shteag1
,,,,little green beeeater,,,,,Little Green Bee-eater,Asian Green Bee-eater - Merops orientalis,grnbee3
,,,,house swift,,,,,House Swift,Little Swift (Indian House Swift) - Apus affinis,litswi1
,,,,dusky craig martin,,,,,dusky crag martin,Dusky Crag-Martin - Ptyonoprogne concolor,duscrm1
,,,,plain prinia,,,,wren warbler,Plain Prinia,Plain Prinia - Prinia inornata,plapri1
,,,,Indian Robin,,,,,Indian Robin,Indian Robin - Copsychus fulicatus,indrob1
,,,,Wood shrike,,,,,Woodshrike,Common Woodshrike - Tephrodornis pondicerianus,comwoo1
,,,,Pariah kite,,,,,Pariah Kite,Black Kite - Milvus migrans,blakit1
,,,,Koel,heard,,,,Koel,Asian Koel - Eudynamys scolopaceus,asikoe2
,,,,common myna,,,,,Common Myna,Common Myna - Acridotheres tristis,commyn
,,,,Rose Ringed Parakeet,,,,,Rose-ringed Parakeet,Rose-ringed Parakeet - Psittacula krameri,rorpar
,,,,white breasted kingfisher,,,,,White-breasted Kingfisher,White-throated Kingfisher - Halcyon smyrnensis,whtkin2
,,,,shikra,,,,,Shikra,Shikra - Accipiter badius,shikra1
,,,,pond  heron,,,,,Pond Heron,Indian Pond-Heron - Ardeola grayii,inpher1
,,,,roufous tailed finch warbler,,,,,Rufous-tailed Finch Warbler,Rufous-tailed Lark - Ammomanes phoenicura,rutlar2
,,,,red rumped swallow,,,,,Red-rumped Swallow,Red-rumped Swallow - Cecropis daurica,rerswa1
,,,,steppe eagle ?,,,,,Steppe Eagle,Steppe Eagle - Aquila nipalensis,steeag1
,,,,swift,,,,,Swift,Asian Palm Swift - Cypsiurus balasiensis,aspswi1
,,,,pied bushchat,,,,,Pied Bushchat,Pied Bushchat - Saxicola caprata,piebus1
,,,,purple sunbird,,,,,Purple Sunbird,Purple-rumped Sunbird - Leptocoma zeylonica,pursun3
,,,,shahin falcon,,,,Red underparts,Shahin Falcon,Peregrine Falcon (Shaheen) - Falco peregrinus peregrinator,
,,,,briown shrike,,,,,Brown Shrike,Brown Shrike - Lanius cristatus,brnshr
,,,,black winged klite,,,,,Black-winged kite,Black-winged Kite (Black-shouldered Kite) - Elanus caeruleus,bkskit1
21-2-99,8:30 am – 12:00 pm,Sumavanam,Cloudy Sky,Twany eagle,,,,,Tawny eagle,Tawny Eagle - Aquila rapax,taweag1
,,,,Bee eater,,,,,Bee Eater,Asian Green Bee-eater - Merops orientalis,grnbee3
,,,,Indian Robin,,,,,Indian Robin,Indian Robin - Copsychus fulicatus,indrob1
,,,,Common myna,,,,,Common Myna,Common Myna - Acridotheres tristis,commyn
,,,,tree pie,,,,,Treepie,Rufous Treepie - Dendrocitta vagabunda,ruftre2
,,,,black drongo,,,,,Black drongo,Black Drongo - Dicrurus macrocercus,bladro1
,,,,taylor bird,,,,,Tailorbird,Common Tailorbird - Orthotomus sutorius,comtai1
,,,,grey drongo,,,,,grey drongo,Ashy Drongo - Dicrurus leucophaeus,ashdro1
,,,,booted eagle,,,,,Booted Eagle,Booted Eagle - Hieraaetus pennatus,booeag1
,,,,purple sunbird,,,,,Purple Sunbird,Purple-rumped Sunbird - Leptocoma zeylonica,pursun3
,,,,roufous tailed finch lark,,,,,Rufous-tailed Finch Lark,Rufous-tailed Lark - Ammomanes phoenicura,rutlar2
,,,,red whiskered bulbul,,,,,Red-whiskered Bulbul,Red-whiskered Bulbul - Pycnonotus jocosus,rewbul
,,,,red vented bulbul,,,,,Red-vented Bulbul,Red-vented Bulbul - Pycnonotus cafer,revbul
,,,,pariah kite,,,,,Pariah Kite,Black Kite - Milvus migrans,blakit1
,,,,White Headed Babbler,,,,,White-headed babbler,Yellow-billed Babbler - Argya affinis,yebbab1
,,,,Roufous winged bush lark,,,,,Rufous-winged Bush Lark,,
,,,,black bellied finch lark,,,,,Black-bellied finch lark,Black-crowned Sparrow-Lark - Eremopterix nigriceps,bcslar1
,,,,large pied wagtail,,,,,Large Pied Wagtail,White-browed Wagtail (Large Pied Wagtail) - Motacilla maderaspatensis,whbwag1
,,,,little egret,,,,,Little Egret,Little Egret - Egretta garzetta,litegr
,,,,common swallow,,,,,Common Swallow,Red-rumped Swallow - Cecropis daurica,rerswa1
,,,,pond heron,,,,,Pond Heron,Indian Pond-Heron - Ardeola grayii,inpher1
,,,,spotted diove,,,,,Spotted Dove,Spotted Dove - Spilopelia chinensis,spodov
,,,,pied bush chat,,,,,Pied Bushchat,Pied Bushchat - Saxicola caprata,piebus1
,,,,little brown dove,,,,,Little Brown Dove,Laughing Dove (Little Brown Dove) - Spilopelia senegalensis,laudov1
,,,,blue rock pigeon,,,,,Blue Rock Pigeon,Rock Pigeon (Blue Rock Pigeon) - Columba livia,rocpig
,,,,ashy crowned finch lark,,,,,Ashy-crowned finch lark,Ashy-crowned Sparrow-Lark (Ashy-crowned Finch-Lark) - Eremopterix griseus,ascspl1
,,,,red rumped swallow,,,,,Red-rumped Swallow,Red-rumped Swallow - Cecropis daurica,rerswa1
,,,,purple rumped sunbird,,,,,Purple-rumped Sunbird,Purple-rumped Sunbird - Leptocoma zeylonica,pursun3
,,,,blights reed warbler,,,,,Blighted Reed Warbler,Blyth's Reed Warbler - Acrocephalus dumetorum,blrwar1
,,,,Rose Ringed Parakeet,,,,,Rose-ringed Parakeet,Rose-ringed Parakeet - Psittacula krameri,rorpar
,,,,common swallow,,,,,Common Swallow,Red-rumped Swallow - Cecropis daurica,rerswa1
,,,,Iora,,,,,Iora,Common Iora - Aegithina tiphia,comior1
,,,,Golden oriole,,,,,Golden Oriole,Indian Golden Oriole - Oriolus kundoo,ingori1
,,,,greenish leaf warbler,,,,,greenish leaf warbler,Greenish Warbler - Phylloscopus trochiloides,grewar3
,,,,house sparrow,,,,,House Sparrow,House Sparrow - Passer domesticus,houspa
27-3-99,,,Slightly Cloudy Sky,red whiskered bulbul,,,,,Red-whiskered Bulbul,Red-whiskered Bulbul - Pycnonotus jocosus,rewbul
,,,,White Headed Babbler,,,,,White-headed babbler,Yellow-billed Babbler - Argya affinis,yebbab1
,,,,Rose Ringed Parakeet,,,,,Rose-ringed Parakeet,Rose-ringed Parakeet - Psittacula krameri,rorpar
,,,,purple rumped sunbird,,,,Bottle brish in bloom,Purple-rumped Sunbird,Purple-rumped Sunbird - Leptocoma zeylonica,pursun3
,,,,Golden oriole,,,F,,Golden Oriole,Indian Golden Oriole - Oriolus kundoo,ingori1
,,,,coppersmith,,,,,Coppersmith,Coppersmith Barbet - Psilopogon haemacephalus,copbar1
,,,,Iora,,,,,Iora,Common Iora - Aegithina tiphia,comior1
,,,,red whiskered bulbul,,,,,Red-whiskered Bulbul,Red-whiskered Bulbul - Pycnonotus jocosus,rewbul
,,,,Flower pecker,heard,,,,Flowerpecker,Pale-billed Flowerpecker - Dicaeum erythrorhynchos,pabflo1
,,,,Koel,,,F,,Koel,Asian Koel - Eudynamys scolopaceus,asikoe2
,,,,grey drongo,heard,,,,grey drongo,Ashy Drongo - Dicrurus leucophaeus,ashdro1
,,,,short toed eagle,,,,,Short-toed Eagle,Short-toed Snake-Eagle - Circaetus gallicus,shteag1
,,,,myna,,,,,Myna,Common Myna - Acridotheres tristis,commyn
,,,,spotted dove,,,,,Spotted Dove,Spotted Dove - Spilopelia chinensis,spodov
,,,,little green beeeater,,,,,Little Green Bee-eater,Asian Green Bee-eater - Merops orientalis,grnbee3
,,,,large pied wagtail,,,,,Large Pied Wagtail,White-browed Wagtail (Large Pied Wagtail) - Motacilla maderaspatensis,whbwag1
,,,,white breasted kingfisher,,,,,White-breasted Kingfisher,White-throated Kingfisher - Halcyon smyrnensis,whtkin2
,,,,Ashy wren warbler,,,,,Ashy Wren Warbler,Ashy Prinia - Prinia socialis,ashpri1
,,,,tailor bird,,,,,Tailorbird,Common Tailorbird - Orthotomus sutorius,comtai1
,,,,white browed bulbul,,,,,White-browed Bulbul,White-browed Bulbul - Pycnonotus luteolus,whbbul2
,,,,black drongo,,,,,Black drongo,Black Drongo - Dicrurus macrocercus,bladro1
,,,,pond heron,,,,,Pond Heron,Indian Pond-Heron - Ardeola grayii,inpher1
,,,,red rumped swallow,,,,,Red-rumped Swallow,Red-rumped Swallow - Cecropis daurica,rerswa1
,,,,coucal,,,,,coucal,Greater Coucal - Centropus sinensis,grecou1
,,,,large cuckoo shrike,,,,,Large Cuckooshrike,Large Cuckooshrike - Coracina macei,larcus1
,,,,white breasted water hen,,,,,White-breasted Waterhen,White-breasted Waterhen - Amaurornis phoenicurus,whbwat1
,,,,egret,,,,,egret,Intermediate Egret (Medium Egret) - Ardea intermedia,integr1
,,,,dabchick,,,,,dabchick,Little Grebe - Tachybaptus ruficollis,litgre1
,,,,swift,,,,,Swift,Asian Palm Swift - Cypsiurus balasiensis,aspswi1
,,,,Indian Robin,,,,,Indian Robin,Indian Robin - Copsychus fulicatus,indrob1
,,,,Hoopoe,,,,,Hoopoe,Eurasian Hoopoe - Upupa epops,hoopoe
,,,,Cattle egret,,,,,Cattle Egret,Eastern Cattle Egret - Bubulcus coromandus,categr2
,,,,Blyths reed warbler,,,,,"Blyth""s Reed Warbler",Blyth's Reed Warbler - Acrocephalus dumetorum,blrwar1
,,,,pariah kite,,,,,Pariah Kite,Black Kite - Milvus migrans,blakit1
,,,,cormorant,,,,,Cormorant,Little Cormorant - Microcarbo niger,litcor1
,,,,pied kingfisher,,,,,Pied Kingfisher,Pied Kingfisher - Ceryle rudis,piekin1
,,,,Indian Pitta,,,,,Indian Pitta,Indian Pitta - Pitta brachyura,indpit1
,,,,Collored Scops owl?,,,,,Colored Scops Owl,Indian Scops-Owl (Collared Scops-Owl) - Otus bakkamoena,insowl1
26-6-99,,,Cloudy Sky,House swift,,,,,House Swift,Little Swift (Indian House Swift) - Apus affinis,litswi1
,,,,red vented bulbul,,,,,Red-vented Bulbul,Red-vented Bulbul - Pycnonotus cafer,revbul
,,,,Indian robin,,,,,Indian Robin,Indian Robin - Copsychus fulicatus,indrob1
,,,,pariah kite,,,,,Pariah Kite,Black Kite - Milvus migrans,blakit1
,,,,Rose Ringed Parakeet,,,,,Rose-ringed Parakeet,Rose-ringed Parakeet - Psittacula krameri,rorpar
,,,,sirkeer cuckoo,,,,,Sirkeer Cuckoo,Sirkeer Malkoha - Taccocua leschenaultii,sirmal1
,,,,white bellied fishing eagle,,,,,White-bellied Fishing Eagle,White-bellied Sea-Eagle - Icthyophaga leucogaster,wbseag1
3-7-99,,,,Dabchick,,,,,Dabchick,Little Grebe - Tachybaptus ruficollis,litgre1
,,,,small blue kingfisher,,,,,Small Blue Kingfisher,Common Kingfisher (Small Blue Kingfisher) - Alcedo atthis,comkin1
,,,,egret,,,,,egret,Intermediate Egret (Medium Egret) - Ardea intermedia,integr1
,,,,pond heron,,,,,Pond Heron,Indian Pond-Heron - Ardeola grayii,inpher1
,,,,black drongo,,,,,Black drongo,Black Drongo - Dicrurus macrocercus,bladro1
,,,,red wattled lapwing,,,,,Red-wattled Lapwing,Red-wattled Lapwing - Vanellus indicus,rewlap1
,,,,coucal,,,,,coucal,Greater Coucal - Centropus sinensis,grecou1
,,,,Myna,,,,,Myna,Common Myna - Acridotheres tristis,commyn
,,,,blue rock pigeon,,,,,Blue Rock Pigeon,Rock Pigeon (Blue Rock Pigeon) - Columba livia,rocpig
,,,,pied wagtail,,,,,Pied Wagtail,White-browed Wagtail (Large Pied Wagtail) - Motacilla maderaspatensis,whbwag1
,,,,pariah kite,,,,,Pariah Kite,Black Kite - Milvus migrans,blakit1
17-7-99,,Mouth of the valley,Cloudy Sky,white breasted kingfisher,,,,,White-breasted Kingfisher,White-throated Kingfisher - Halcyon smyrnensis,whtkin2
,,,,black drongo,,,,,Black drongo,Black Drongo - Dicrurus macrocercus,bladro1
,,,,Shahin falcon,,,,,Shaheen Falcon,Peregrine Falcon (Shaheen) - Falco peregrinus peregrinator,
,,,,short toed eagle,,,,,Short-toed Eagle,Short-toed Snake-Eagle - Circaetus gallicus,shteag1
,,,,pariah kite,,,,,Pariah Kite,Black Kite - Milvus migrans,blakit1
,,,,Alpine swift,,,,,Alpine Swift,Alpine Swift - Tachymarptis melba,alpswi1
,,,,pond heron,,,,,Pond Heron,Indian Pond-Heron - Ardeola grayii,inpher1
,,,,large pied wagtail,,,,,Large Pied Wagtail,White-browed Wagtail (Large Pied Wagtail) - Motacilla maderaspatensis,whbwag1
,,,,Scavenger vulture,,,,,Scavenger Vulture,Egyptian Vulture - Neophron percnopterus,egyvul1
,,,,Twany eagle,,,,,Tawny eagle,Tawny Eagle - Aquila rapax,taweag1
,,,,red rumped swallow,,,,,Red-rumped Swallow,Red-rumped Swallow - Cecropis daurica,rerswa1
,,,,little brown dove,,,,,Little Brown Dove,Laughing Dove (Little Brown Dove) - Spilopelia senegalensis,laudov1
,,,,indian robin,,,,,Indian Robin,Indian Robin - Copsychus fulicatus,indrob1
,,,,coucal,,,,,coucal,Greater Coucal - Centropus sinensis,grecou1
,,,,shikra,,,,,Shikra,Shikra - Accipiter badius,shikra1
,,,,red vented bulbul,,,,,Red-vented Bulbul,Red-vented Bulbul - Pycnonotus cafer,revbul
,,,,white throated munia,,,,,White-throated Munia,Indian Silverbill (White-throated Munia) - Euodice malabarica,indsil
,,,,keestral,,,,,Kestrel,Eurasian Kestrel (Common Kestrel) - Falco tinnunculus,eurkes
,,,,little green beeeater,,,,,Little Green Bee-eater,Asian Green Bee-eater - Merops orientalis,grnbee3
,,,,Rose Ringed Parakeet,,,,,Rose-ringed Parakeet,Rose-ringed Parakeet - Psittacula krameri,rorpar
,,,,bush chat,,,,,Bush Chat,Pied Bushchat - Saxicola caprata,piebus1
,,,,palm swift,,,,,Palm Swift,Asian Palm Swift - Cypsiurus balasiensis,aspswi1
,,,,purple rumped sunbird,,,,,Purple-rumped Sunbird,Purple-rumped Sunbird - Leptocoma zeylonica,pursun3
,,,,jungle wren warbler,,,,,Jungle Wren-Warbler,Jungle Prinia - Prinia sylvatica,junpri1
,,,,myna,,,,,Myna,Common Myna - Acridotheres tristis,commyn
,,,,koel,heard,,,,Koel,Asian Koel - Eudynamys scolopaceus,asikoe2
22-8-99,6:35 am – 8:00 am,Mouth of the valley & Perco tank,Cloudy sky,white breasted water hen,,,,,White-breasted Waterhen,White-breasted Waterhen - Amaurornis phoenicurus,whbwat1
,,,,white breasted kingfisher,,,,,White-breasted Kingfisher,White-throated Kingfisher - Halcyon smyrnensis,whtkin2
,,,,coucal,,,,,coucal,Greater Coucal - Centropus sinensis,grecou1
,,,,red wattled lapwing,,,,,Red-wattled Lapwing,Red-wattled Lapwing - Vanellus indicus,rewlap1
,,,,munia,,,,,Munia,Tricolored Munia (Black-headed Munia) - Lonchura malacca,trimun
,,,,dabchick,,,,,dabchick,Little Grebe - Tachybaptus ruficollis,litgre1
,,,,pond heron,,,,,Pond Heron,Indian Pond-Heron - Ardeola grayii,inpher1
,,,,cattle egret,,,,,Cattle Egret,Eastern Cattle Egret - Bubulcus coromandus,categr2
,,,,tailor bird,heard,,,,Tailorbird,Common Tailorbird - Orthotomus sutorius,comtai1
,,,,black drongo,,,,,Black drongo,Black Drongo - Dicrurus macrocercus,bladro1
,,,,jungle babbler,,,,,Jungle Babbler,Jungle Babbler - Argya striata,junbab2
,,,,purple rumped sunbird,,,,,Purple-rumped Sunbird,Purple-rumped Sunbird - Leptocoma zeylonica,pursun3
,,,,little brown dove,,,,,Little Brown Dove,Laughing Dove (Little Brown Dove) - Spilopelia senegalensis,laudov1
,,,,large pied wagtail,,,,,Large Pied Wagtail,White-browed Wagtail (Large Pied Wagtail) - Motacilla maderaspatensis,whbwag1
,,,,red vented bulbul,,,,,Red-vented Bulbul,Red-vented Bulbul - Pycnonotus cafer,revbul
,,,,little green beeeater,,,,,Little Green Bee-eater,Asian Green Bee-eater - Merops orientalis,grnbee3
,,,,median egret,,,,,Median Egret,Intermediate Egret (Medium Egret) - Ardea intermedia,integr1
,,,,tickles flowerpecker,,,,,"Tickell""s Flowerpecker",Pale-billed Flowerpecker - Dicaeum erythrorhynchos,pabflo1
,,,,koel,heard,,,,Koel,Asian Koel - Eudynamys scolopaceus,asikoe2
,,,,alpine swift,,,,,Alpine swift,Alpine Swift - Tachymarptis melba,alpswi1
,,,,Ashy wren warbler,,,,,Ashy Wren Warbler,Ashy Prinia - Prinia socialis,ashpri1
,,,,common myna,,,,,Common Myna,Common Myna - Acridotheres tristis,commyn
,,,,house swift,,,,,House Swift,Little Swift (Indian House Swift) - Apus affinis,litswi1
,,,,yellow headed babbler,,,,,Yellow-headed Babbler,Yellow-billed Babbler - Argya affinis,yebbab1
,,,,little egret,,,,,Little Egret,Little Egret - Egretta garzetta,litegr
,,,,pariah kite,,,,,Pariah Kite,Black Kite - Milvus migrans,blakit1
,,,,bush lark,,,,,Bush Lark,Indian Bushlark (Red-winged Bushlark) - Mirafra erythroptera,indbus2
12-9-99,,,"Cloudy Sky, windy",spotted owlet,,,,,Spotted Owlet,Spotted Owlet - Athene brama,spoowl1
,,,,indian robin,,,,,Indian Robin,Indian Robin - Copsychus fulicatus,indrob1
,,,,red vented bulbul,,,,,Red-vented Bulbul,Red-vented Bulbul - Pycnonotus cafer,revbul
,,,,purple rumped sunbird,,,,,Purple-rumped Sunbird,Purple-rumped Sunbird - Leptocoma zeylonica,pursun3
,,,,tailor bird,heard,,,,Tailorbird,Common Tailorbird - Orthotomus sutorius,comtai1
,,,,red rumped swallow,,,,,Red-rumped Swallow,Red-rumped Swallow - Cecropis daurica,rerswa1
,,,,dusky craig martin,,,,,dusky crag martin,Dusky Crag-Martin - Ptyonoprogne concolor,duscrm1
,,,,little brown dove,,,,,Little Brown Dove,Laughing Dove (Little Brown Dove) - Spilopelia senegalensis,laudov1
,,,,sirkeer cuckoo,,,,,Sirkeer Cuckoo,Sirkeer Malkoha - Taccocua leschenaultii,sirmal1
,,,,jungle wren warbler,,,,,Jungle Wren-Warbler,Jungle Prinia - Prinia sylvatica,junpri1
,,,,house swift,,,,,House Swift,Little Swift (Indian House Swift) - Apus affinis,litswi1
,,,,roufous tailed finch lark,,,,,Rufous-tailed Finch Lark,Rufous-tailed Lark - Ammomanes phoenicura,rutlar2
,,,,pariah kite,,,,,Pariah Kite,Black Kite - Milvus migrans,blakit1
,,,,short toed eagle,,,,,Short-toed Eagle,Short-toed Snake-Eagle - Circaetus gallicus,shteag1
,,,,Iora,,,,,Iora,Common Iora - Aegithina tiphia,comior1
,,,,Franklins wren warbler,,,,,"Franklin""s Wren Warbler",Grey-breasted Prinia - Prinia hodgsonii,gybpri1
,,,,Lotaen sunbird,,,,,Loten Sunbird,Loten's Sunbird (Long-billed Sunbird) - Cinnyris lotenius,lobsun2
,,,,Shikra,,,,,Shikra,Shikra - Accipiter badius,shikra1
,,,,White Headed Babbler,,,,,White-headed babbler,Yellow-billed Babbler - Argya affinis,yebbab1
,,,,roufous bellied babbler,,,,,Rufous-bellied Babbler,Tawny-bellied Babbler - Dumetia hyperythra,tabbab1
,,,,black drongo,,,,,Black drongo,Black Drongo - Dicrurus macrocercus,bladro1
,,,,mottled wood owl,,,,,Mottled Wood Owl,Mottled Wood-Owl - Strix ocellata,mowowl1
,,,,spotted munia,,,,,Spotted Munia,Scaly-breasted Munia (Spotted Munia) - Lonchura punctulata,nutman
,,,,Wood shrike,,,,,Woodshrike,Common Woodshrike - Tephrodornis pondicerianus,comwoo1
,,,,alpine swift,,,,,Alpine swift,Alpine Swift - Tachymarptis melba,alpswi1
,,,,common myna,,,,,Common Myna,Common Myna - Acridotheres tristis,commyn
,,,,Koel,,,,,Koel,Asian Koel - Eudynamys scolopaceus,asikoe2
,,,,Tree pie,,,,,Treepie,Rufous Treepie - Dendrocitta vagabunda,ruftre2
,,,,white browed bulbul,,,,,White-browed Bulbul,White-browed Bulbul - Pycnonotus luteolus,whbbul2
,,,,tickles flowerpecker,,,,,"Tickell""s Flowerpecker",Pale-billed Flowerpecker - Dicaeum erythrorhynchos,pabflo1
,,,,purple sunbird,,,,,Purple Sunbird,Purple-rumped Sunbird - Leptocoma zeylonica,pursun3
19-9-99,,,Cloudy sky,large pied wagtail,,,,,Large Pied Wagtail,White-browed Wagtail (Large Pied Wagtail) - Motacilla maderaspatensis,whbwag1
,,,,black headed munia,,,,,Black-headed munia,Tricolored Munia (Black-headed Munia) - Lonchura malacca,trimun
,,,,coucal,,,,,coucal,Greater Coucal - Centropus sinensis,grecou1
,,,,spotted dove,,,,,Spotted Dove,Spotted Dove - Spilopelia chinensis,spodov
,,,,blossom headed parakeet,,,,,Blossom-headed Parakeet,Blossom-headed Parakeet - Psittacula roseata,blhpar3
,,,,roufous bellied finchlark,,,,,Rufous-bellied Finch Lark,Rufous-tailed Lark - Ammomanes phoenicura,rutlar2
,,,,little green beeeater,,,,,Little Green Bee-eater,Asian Green Bee-eater - Merops orientalis,grnbee3
,,,,indian robin,,,,,Indian Robin,Indian Robin - Copsychus fulicatus,indrob1
,,,,red vented bulbul,,,,,Red-vented Bulbul,Red-vented Bulbul - Pycnonotus cafer,revbul
,,,,red rumped swallow,,,,,Red-rumped Swallow,Red-rumped Swallow - Cecropis daurica,rerswa1
,,,,indian roller,,,,,Indian Roller,Indian Roller - Coracias benghalensis,indrol2
,,,,twany eagle,,,,,Tawny Eagle,Tawny Eagle - Aquila rapax,taweag1
,,,,jungle wren warbler,,,,,Jungle Wren-Warbler,Jungle Prinia - Prinia sylvatica,junpri1
,,,,myna,,,,,Myna,Common Myna - Acridotheres tristis,commyn
,,,,red creasted cuckoo,,,,,Red-crested Cuckoo,,
,,,,spotted munia,,,,,Spotted Munia,Scaly-breasted Munia (Spotted Munia) - Lonchura punctulata,nutman
,,,,pond heron,,,,,Pond Heron,Indian Pond-Heron - Ardeola grayii,inpher1
,,,,white breasted kingfisher,,,,,White-breasted Kingfisher,White-throated Kingfisher - Halcyon smyrnensis,whtkin2
,,,,roufous winged bush lark,,,,,Rufous-winged Bush Lark,,
,,,,black headed munia,,,,,Black-headed munia,Tricolored Munia (Black-headed Munia) - Lonchura malacca,trimun
,,,,Large cuckoo shrke,,,,,Large Cuckoo Shrike,Large Cuckooshrike - Coracina macei,larcus1
,,,,purple rumped sunbird,,,,,Purple-rumped Sunbird,Purple-rumped Sunbird - Leptocoma zeylonica,pursun3
,,,,golden backed woodpecker,,,,,golden-backed woodpecker,Black-rumped Flameback (Lesser Goldenbacked Woodpecker) - Dinopium benghalense,bkrfla1
,,,,Ashy wren warbler,,,,,Ashy Wren Warbler,Ashy Prinia - Prinia socialis,ashpri1
,,,,White Headed Babbler,,,,,White-headed babbler,Yellow-billed Babbler - Argya affinis,yebbab1
,,,,little green beeeater,,,,,Little Green Bee-eater,Asian Green Bee-eater - Merops orientalis,grnbee3
,,,,tickles flowerpecker,,,,,"Tickell""s Flowerpecker",Pale-billed Flowerpecker - Dicaeum erythrorhynchos,pabflo1
,,,,Indian plain wren warbler ,,,,,Indian Plain Wren Warbler,Plain Prinia - Prinia inornata,plapri1
,,,,Franklins wren warbler,,,,,"Franklin""s Wren Warbler",Grey-breasted Prinia - Prinia hodgsonii,gybpri1
,,,,Rose Ringed Parakeet,,,,,Rose-ringed Parakeet,Rose-ringed Parakeet - Psittacula krameri,rorpar
,,,,pariah kite,,,,,Pariah Kite,Black Kite - Milvus migrans,blakit1
,,,,shikra,,,,,Shikra,Shikra - Accipiter badius,shikra1
,,,,Tree pie,,,,,Treepie,Rufous Treepie - Dendrocitta vagabunda,ruftre2
,,,,koel,,,,,Koel,Asian Koel - Eudynamys scolopaceus,asikoe2
,,,,greenish leaf warbler,,,,,greenish leaf warbler,Greenish Warbler - Phylloscopus trochiloides,grewar3
,,,,spotted dove,,,,,Spotted Dove,Spotted Dove - Spilopelia chinensis,spodov
10-10-99,,Mouth of the valley,,Spot billed ducks,,,,,Spot-billed Ducks,Indian Spot-billed Duck - Anas poecilorhyncha,isbduc1
,,,,white browed bulbul,,,,,White-browed Bulbul,White-browed Bulbul - Pycnonotus luteolus,whbbul2
,,,,twany eagle,,,,,Tawny Eagle,Tawny Eagle - Aquila rapax,taweag1
,,,,red vented bulbul,,,,,Red-vented Bulbul,Red-vented Bulbul - Pycnonotus cafer,revbul
,,,,indian roller,,,,,Indian Roller,Indian Roller - Coracias benghalensis,indrol2
,,,,pariah kite,,,,,Pariah Kite,Black Kite - Milvus migrans,blakit1
,,,,red vented bulbul,,,,,Red-vented Bulbul,Red-vented Bulbul - Pycnonotus cafer,revbul
,,,,kestral,,,,,Kestrel,Eurasian Kestrel (Common Kestrel) - Falco tinnunculus,eurkes
,,,,blue rock pigeon,,,,,Blue Rock Pigeon,Rock Pigeon (Blue Rock Pigeon) - Columba livia,rocpig
,,,,myna,,,,,Myna,Common Myna - Acridotheres tristis,commyn
,,,,Shahin falcon,,,,,Shaheen Falcon,Peregrine Falcon (Shaheen) - Falco peregrinus peregrinator,
,,,,red rumped swallow,,,,,Red-rumped Swallow,Red-rumped Swallow - Cecropis daurica,rerswa1
,,,,Indian roller,,,,,Indian Roller,Indian Roller - Coracias benghalensis,indrol2
,,,,Drongo,,,,,Drongo,Hair-crested Drongo (Spangled Drongo) - Dicrurus hottentottus,hacdro1
,,,,baya weaver bird,,,,,Baya weaver,Baya Weaver - Ploceus philippinus,baywea1
,,,,roufous tailed finch lark,,,,,Rufous-tailed Finch Lark,Rufous-tailed Lark - Ammomanes phoenicura,rutlar2
,,,,spotted owlet,,,,,Spotted Owlet,Spotted Owlet - Athene brama,spoowl1
,,,,wood shrike,,,,,Woodshrike,Common Woodshrike - Tephrodornis pondicerianus,comwoo1
,,,,sirkeer cuckoo,,,,,Sirkeer Cuckoo,Sirkeer Malkoha - Taccocua leschenaultii,sirmal1
,,,,creasted honey buzzard,,,,Ruddy Mongoose spotted,crested honey buzzard,Oriental Honey-buzzard (Crested Honey Buzzard) - Pernis ptilorhynchus,orihob2
,,,,purple rumped sunbird,,,,,Purple-rumped Sunbird,Purple-rumped Sunbird - Leptocoma zeylonica,pursun3
,,,,red rumped swallow,,,,,Red-rumped Swallow,Red-rumped Swallow - Cecropis daurica,rerswa1
,,,,pied bush chat,,,,,Pied Bushchat,Pied Bushchat - Saxicola caprata,piebus1
,,,,bush lark,,,,,Bush Lark,Indian Bushlark (Red-winged Bushlark) - Mirafra erythroptera,indbus2
,,,,white breasted kingfisher,,,,,White-breasted Kingfisher,White-throated Kingfisher - Halcyon smyrnensis,whtkin2
,,,,coppersmith,,,,,Coppersmith,Coppersmith Barbet - Psilopogon haemacephalus,copbar1
,,,,brown shrike,,,,,Brown Shrike,Brown Shrike - Lanius cristatus,brnshr
,,,,spotted munia,,,,,Spotted Munia,Scaly-breasted Munia (Spotted Munia) - Lonchura punctulata,nutman
,,,,pond heron,,,,,Pond Heron,Indian Pond-Heron - Ardeola grayii,inpher1
,,,,purple sunbird,,,,,Purple Sunbird,Purple-rumped Sunbird - Leptocoma zeylonica,pursun3
,,,,spotted dove,,,,,Spotted Dove,Spotted Dove - Spilopelia chinensis,spodov
,,,,streaked fantial flycatcher,,,,,Streaked Fantail Flycatcher,,
,,,,yellow eyed babbler,,,,,Yellow-eyed Babbler,Yellow-eyed Babbler - Chrysomma sinense,yeebab1
,,,,Ashy wren warbler,,,,,Ashy Wren Warbler,Ashy Prinia - Prinia socialis,ashpri1
,,,,Franklins wren warbler,,,,,"Franklin""s Wren Warbler",Grey-breasted Prinia - Prinia hodgsonii,gybpri1
,,,,white breasted water hen,,,,,White-breasted Waterhen,White-breasted Waterhen - Amaurornis phoenicurus,whbwat1
,,,,paradise fly catcher,,,,,Paradise Flycatcher,Indian Paradise-Flycatcher - Terpsiphone paradisi,aspfly1
,,,,tickles flowerpecker,,,,,"Tickell""s Flowerpecker",Pale-billed Flowerpecker - Dicaeum erythrorhynchos,pabflo1
,,,,Rose Ringed Parakeet,,,,,Rose-ringed Parakeet,Rose-ringed Parakeet - Psittacula krameri,rorpar
,,,,grey wagtail,,,,,grey wagtail,Grey Wagtail - Motacilla cinerea,grywag
30-1-00,,Lost Pond,Climate- Cool,Blue throated flucatcher,,,,,Blue Throated Flycatcher,Blue-throated Flycatcher - Cyornis rubeculoides,butfly1
,,,,coppersmith,,,,,Coppersmith,Coppersmith Barbet - Psilopogon haemacephalus,copbar1
,,,,Koel,,,,,Koel,Asian Koel - Eudynamys scolopaceus,asikoe2
,,,,Emerald dove,,,,,Emerald Dove,Asian Emerald Dove - Chalcophaps indica,emedov2
,,,,Purple sunbird,,,,,Purple Sunbird,Purple-rumped Sunbird - Leptocoma zeylonica,pursun3
,,,,Blyths reed warbler,,,,,"Blyth""s Reed Warbler",Blyth's Reed Warbler - Acrocephalus dumetorum,blrwar1
,,,,greenish leaf warbler,,,,,greenish leaf warbler,Greenish Warbler - Phylloscopus trochiloides,grewar3
,,,,red vented bulbul,,,,,Red-vented Bulbul,Red-vented Bulbul - Pycnonotus cafer,revbul
,,,,grey drongo,,,,,grey drongo,Ashy Drongo - Dicrurus leucophaeus,ashdro1
,,,,Hoopoe,,,,,Hoopoe,Eurasian Hoopoe - Upupa epops,hoopoe
,,,,white browed bulbul,,,,,White-browed Bulbul,White-browed Bulbul - Pycnonotus luteolus,whbbul2
,,,,Indian robin,,,,,Indian Robin,Indian Robin - Copsychus fulicatus,indrob1
,,,,Coucal,,,,,Coucal,Greater Coucal - Centropus sinensis,grecou1
,,,,tailor bird,,,,,Tailorbird,Common Tailorbird - Orthotomus sutorius,comtai1
,,,,magpie robin,,,,,Magpie Robin,Oriental Magpie-Robin - Copsychus saularis,magrob
,,,,Loten sunbird,,,,,Loten Sunbird,Loten's Sunbird (Long-billed Sunbird) - Cinnyris lotenius,lobsun2
,,,,hair creasted drongo,,,,,Hair-crested Drongo,Hair-crested Drongo (Spangled Drongo) - Dicrurus hottentottus,hacdro1
,,,,Iora,,,,,Iora,Common Iora - Aegithina tiphia,comior1
,,,,spotted dove,,,,,Spotted Dove,Spotted Dove - Spilopelia chinensis,spodov
,,,,Tree pie,,,,,Treepie,Rufous Treepie - Dendrocitta vagabunda,ruftre2
,,,,Egret,,,,,Egret,Intermediate Egret (Medium Egret) - Ardea intermedia,integr1
,,,,plaintive cuckoo,,,,,Plaintive Cuckoo,Plaintive Cuckoo - Cacomantis merulinus,placuc1
,,,,baya weaver bird,,,,,Baya weaver,Baya Weaver - Ploceus philippinus,baywea1
,,,,house swift,,,,,House Swift,Little Swift (Indian House Swift) - Apus affinis,litswi1
,,,,little green beeeater,,,,,Little Green Bee-eater,Asian Green Bee-eater - Merops orientalis,grnbee3
,,,,roufous tailed finch lark,,,,,Rufous-tailed Finch Lark,Rufous-tailed Lark - Ammomanes phoenicura,rutlar2
,,,,lesser white throat,,,,,Lesser Whitethroat,Lesser Whitethroat - Curruca curruca,leswhi4
,,,,red rumped swallow,,,,,Red-rumped Swallow,Red-rumped Swallow - Cecropis daurica,rerswa1
,,,,large grey cuckoo shrike,,,,,Large Grey Cuckooshrike, Large Cuckooshrike - Coracina macei,
5-3-00,,,Clear and Cool,Blue throated flucatcher,,,,,Blue Throated Flycatcher,Blue-throated Flycatcher - Cyornis rubeculoides,butfly1
,,,,magpie robin,,,,,Magpie Robin,Oriental Magpie-Robin - Copsychus saularis,magrob
,,,,hoopoe,,,,,Hoopoe,Eurasian Hoopoe - Upupa epops,hoopoe
,,,,purple rumped sunbird,,,,,Purple-rumped Sunbird,Purple-rumped Sunbird - Leptocoma zeylonica,pursun3
,,,,little brown dove,,,,,Little Brown Dove,Laughing Dove (Little Brown Dove) - Spilopelia senegalensis,laudov1
,,,,White Headed Babbler,,,,,White-headed babbler,Yellow-billed Babbler - Argya affinis,yebbab1
,,,,Rose Ringed Parakeet,,,,,Rose-ringed Parakeet,Rose-ringed Parakeet - Psittacula krameri,rorpar
,,,,pariah kite,,,,,Pariah Kite,Black Kite - Milvus migrans,blakit1
,,,,Koel,,,,,Koel,Asian Koel - Eudynamys scolopaceus,asikoe2
,,,,Blyths reed warbler,,,,,"Blyth""s Reed Warbler",Blyth's Reed Warbler - Acrocephalus dumetorum,blrwar1
,,,,Purple sunbird,,,,,Purple Sunbird,Purple-rumped Sunbird - Leptocoma zeylonica,pursun3
,,,,white browed bulbul,,,,,White-browed Bulbul,White-browed Bulbul - Pycnonotus luteolus,whbbul2
,,,,coppersmith,,,,,Coppersmith,Coppersmith Barbet - Psilopogon haemacephalus,copbar1
,,,,tailor bird,,,,,Tailorbird,Common Tailorbird - Orthotomus sutorius,comtai1
,,,,greenish leaf warbler,,,,,greenish leaf warbler,Greenish Warbler - Phylloscopus trochiloides,grewar3
,,,,red vented bulbul,,,,,Red-vented Bulbul,Red-vented Bulbul - Pycnonotus cafer,revbul
,,,,coucal,,,,,coucal,Greater Coucal - Centropus sinensis,grecou1
,,,,lwood shrike,,,,,Wood Shrike,Common Woodshrike - Tephrodornis pondicerianus,comwoo1
,,,,white breasted kingfisher,,,,,White-breasted Kingfisher,White-throated Kingfisher - Halcyon smyrnensis,whtkin2
,,,,lesser white throat,,,,,Lesser Whitethroat,Lesser Whitethroat - Curruca curruca,leswhi4
,,,,spotted munia,,70,,,Spotted Munia,Scaly-breasted Munia (Spotted Munia) - Lonchura punctulata,nutman
,,,,roufous tailed finch lark,,,,,Rufous-tailed Finch Lark,Rufous-tailed Lark - Ammomanes phoenicura,rutlar2
,,,,black backed woodpecker,,,,,Black-backed woodpecker,Black-backed Woodpecker - Picoides arcticus,bkbwoo
,,,,common myna,,,,,Common Myna,Common Myna - Acridotheres tristis,commyn
,,,,red whiskered bulbul,,,,,Red-whiskered Bulbul,Red-whiskered Bulbul - Pycnonotus jocosus,rewbul
,,,,indian robin,,,,,Indian Robin,Indian Robin - Copsychus fulicatus,indrob1
,,,,paradise fly catcher,,,,,Paradise Flycatcher,Indian Paradise-Flycatcher - Terpsiphone paradisi,aspfly1
,,,,red rumped swallow,,,,,Red-rumped Swallow,Red-rumped Swallow - Cecropis daurica,rerswa1
,,,,grey wagtail,,,,,grey wagtail,Grey Wagtail - Motacilla cinerea,grywag
,,,,brown flycatcher,,,,,Brown Flycatcher,Asian Brown Flycatcher - Muscicapa dauurica,asbfly
,,,,grey drongo,,,,,grey drongo,Ashy Drongo - Dicrurus leucophaeus,ashdro1
,,,,tickles flowerpecker,,,,,"Tickell""s Flowerpecker",Pale-billed Flowerpecker - Dicaeum erythrorhynchos,pabflo1
,,,,blue rock pigeon,,,,,Blue Rock Pigeon,Rock Pigeon (Blue Rock Pigeon) - Columba livia,rocpig
,,,,Loten sunbird,,,,,Loten Sunbird,Loten's Sunbird (Long-billed Sunbird) - Cinnyris lotenius,lobsun2
,,,,Chloropsis,,,,,Chloropsis,Golden-fronted Leafbird (Golden-fronted Chloropsis) - Chloropsis aurifrons,goflea1
,,,,spotted dove,,,,,Spotted Dove,Spotted Dove - Spilopelia chinensis,spodov
,,,,red breasted flycatcher,,,,,Red-breasted Flycatcher,Red-breasted Flycatcher - Ficedula parva,rebfly
,,,,cattle egret,,,,,Cattle Egret,Eastern Cattle Egret - Bubulcus coromandus,categr2
,,,,indian roller,,,,,Indian Roller,Indian Roller - Coracias benghalensis,indrol2
,,,,pond heron,,,,,Pond Heron,Indian Pond-Heron - Ardeola grayii,inpher1
,,,,pied bush chat,,,,,Pied Bushchat,Pied Bushchat - Saxicola caprata,piebus1
,,,,little green beeeater,,,,,Little Green Bee-eater,Asian Green Bee-eater - Merops orientalis,grnbee3
,,,,white breasted water hen,,,,,White-breasted Waterhen,White-breasted Waterhen - Amaurornis phoenicurus,whbwat1
,,,,Ashy wren warbler,,,,,Ashy Wren Warbler,Ashy Prinia - Prinia socialis,ashpri1
,,,,white backed munia,,,,,White-backed Munia,White-rumped Munia - Lonchura striata,whrmun
,,,,large pied wagtail,,,,,Large Pied Wagtail,White-browed Wagtail (Large Pied Wagtail) - Motacilla maderaspatensis,whbwag1
,,,,red wattled lapwing,,,,,Red-wattled Lapwing,Red-wattled Lapwing - Vanellus indicus,rewlap1
,,,,black headed cuckoo shrike,,,,,Black-headed cuckooshrike,Black-headed Cuckooshrike - Lalage melanoptera,bkhcus1
,,,,Tree pie,,,,,Treepie,Rufous Treepie - Dendrocitta vagabunda,ruftre2
,,,,house swift,,,,,House Swift,Little Swift (Indian House Swift) - Apus affinis,litswi1
19-3-00,6:25 am - ,,Clear and Cool,grey wagtail,,,,,grey wagtail,Grey Wagtail - Motacilla cinerea,grywag
,,,,shikra,,,,,Shikra,Shikra - Accipiter badius,shikra1
,,,,coucal,,,,,coucal,Greater Coucal - Centropus sinensis,grecou1
,,,,grey drongo,,,,,grey drongo,Ashy Drongo - Dicrurus leucophaeus,ashdro1
,,,,white browed bulbul,,,,,White-browed Bulbul,White-browed Bulbul - Pycnonotus luteolus,whbbul2
,,,,White Headed Babbler,,,,,White-headed babbler,Yellow-billed Babbler - Argya affinis,yebbab1
,,,,paradise fly catcher,,,,,Paradise Flycatcher,Indian Paradise-Flycatcher - Terpsiphone paradisi,aspfly1
,,,,grey drongo,,,,,grey drongo,Ashy Drongo - Dicrurus leucophaeus,ashdro1
,,,,Rose Ringed Parakeet,,,,,Rose-ringed Parakeet,Rose-ringed Parakeet - Psittacula krameri,rorpar
,,,,red whiskered bulbul,,,,,Red-whiskered Bulbul,Red-whiskered Bulbul - Pycnonotus jocosus,rewbul
,,,,Blyths reed warbler,,,,,"Blyth""s Reed Warbler",Blyth's Reed Warbler - Acrocephalus dumetorum,blrwar1
,,,,Iora,,,,,Iora,Common Iora - Aegithina tiphia,comior1
,,,,tailor bird,,,,,Tailorbird,Common Tailorbird - Orthotomus sutorius,comtai1
,,,,Koel,,,,,Koel,Asian Koel - Eudynamys scolopaceus,asikoe2
,,,,myna,,,,,Myna,Common Myna - Acridotheres tristis,commyn
,,,,purple rumped sunbird,,,,,Purple-rumped Sunbird,Purple-rumped Sunbird - Leptocoma zeylonica,pursun3
,,,,coppersmith,,,,,Coppersmith,Coppersmith Barbet - Psilopogon haemacephalus,copbar1
,,,,white breasted kingfisher,,,,,White-breasted Kingfisher,White-throated Kingfisher - Halcyon smyrnensis,whtkin2
,,,,loten sunbird,,,,,Loten Sunbird,Loten's Sunbird (Long-billed Sunbird) - Cinnyris lotenius,lobsun2
,,,,Indian robin,,,,,Indian Robin,Indian Robin - Copsychus fulicatus,indrob1
,,,,red vented bulbul,,,,,Red-vented Bulbul,Red-vented Bulbul - Pycnonotus cafer,revbul
,,,,twany eagle,,,,,Tawny Eagle,Tawny Eagle - Aquila rapax,taweag1
,,,,pied bush chat,,,,,Pied Bushchat,Pied Bushchat - Saxicola caprata,piebus1
,,,,little brown dove,,,,,Little Brown Dove,Laughing Dove (Little Brown Dove) - Spilopelia senegalensis,laudov1
,,,,roufous winged bush lark,heard,,,,Rufous-winged Bush Lark,,
,,,,red rumped swallow,,,,,Red-rumped Swallow,Red-rumped Swallow - Cecropis daurica,rerswa1
,,,,little green beeeater,,,,,Little Green Bee-eater,Asian Green Bee-eater - Merops orientalis,grnbee3
,,,,Purple sunbird,,,,,Purple Sunbird,Purple-rumped Sunbird - Leptocoma zeylonica,pursun3
,,,,jungle wren warbler,,,,,Jungle Wren-Warbler,Jungle Prinia - Prinia sylvatica,junpri1
,,,,blue rock pigeon,,,,,Blue Rock Pigeon,Rock Pigeon (Blue Rock Pigeon) - Columba livia,rocpig
,,,,Franklins wren warbler,,,,Grey breast,"Franklin""s Wren Warbler",Grey-breasted Prinia - Prinia hodgsonii,gybpri1
,,,,Indian wren warbler,,,,No markings on the tail,Indian Wren Warbler,Ashy Prinia - Prinia socialis,ashpri1
,,,,Black drongo,,,,White spot near the beak,Black Drongo,Black Drongo - Dicrurus macrocercus,bladro1
,,,,white throated munia,,,,,White-throated Munia,Indian Silverbill (White-throated Munia) - Euodice malabarica,indsil
,,,,roufous bellied babbler,,,,Cher cher cher,Rufous-bellied Babbler,Tawny-bellied Babbler - Dumetia hyperythra,tabbab1
,,,,dusky craig martin,,,,,dusky crag martin,Dusky Crag-Martin - Ptyonoprogne concolor,duscrm1
,,,,grey wagtail,,,,,grey wagtail,Grey Wagtail - Motacilla cinerea,grywag
,,,,sirkeer cuckoo,,,,,Sirkeer Cuckoo,Sirkeer Malkoha - Taccocua leschenaultii,sirmal1
,,,,Ashy wren warbler,,,,,Ashy Wren Warbler,Ashy Prinia - Prinia socialis,ashpri1
,,,,bush koel,,,,,Bush Koel,Asian Koel - Eudynamys scolopaceus,asikoe2
,,,,pariah kite,,,,,Pariah Kite,Black Kite - Milvus migrans,blakit1
,,,,yellow eyed babbler,,,,,Yellow-eyed Babbler,Yellow-eyed Babbler - Chrysomma sinense,yeebab1
,,,,house swift,,,,,House Swift,Little Swift (Indian House Swift) - Apus affinis,litswi1
,,,,Hoopoe,,,,,Hoopoe,Eurasian Hoopoe - Upupa epops,hoopoe
,,,,short toed eagle,,,,,Short-toed Eagle,Short-toed Snake-Eagle - Circaetus gallicus,shteag1
,,,,tickles flowerpecker,,,,,"Tickell""s Flowerpecker",Pale-billed Flowerpecker - Dicaeum erythrorhynchos,pabflo1
,,,,Cattle egret,,,,,Cattle Egret,Eastern Cattle Egret - Bubulcus coromandus,categr2
,,,,golden oriole,,,F,,golden oriole,Indian Golden Oriole - Oriolus kundoo,ingori1
,,,,spotted dove,,,,,Spotted Dove,Spotted Dove - Spilopelia chinensis,spodov
,,,,pond heron,,,,,Pond Heron,Indian Pond-Heron - Ardeola grayii,inpher1
,,,,greenish leaf warbler,,,,,greenish leaf warbler,Greenish Warbler - Phylloscopus trochiloides,grewar3
,,,,cuckoo shrike,,,,,cuckoo shrike,,
,,,,magpie robin,,,,,Magpie Robin,Oriental Magpie-Robin - Copsychus saularis,magrob
,,,,grey wagtail,,,,,grey wagtail,Grey Wagtail - Motacilla cinerea,grywag
18-6-00,6:00 am – 7:45 am,Lost Pond,"Cloudy Sky, windy",purple rumped sunbird,,,,,Purple-rumped Sunbird,Purple-rumped Sunbird - Leptocoma zeylonica,pursun3
,,,,magpie robin,,,,,Magpie Robin,Oriental Magpie-Robin - Copsychus saularis,magrob
,,,,Hoopoe,,,,,Hoopoe,Eurasian Hoopoe - Upupa epops,hoopoe
,,,,White Headed Babbler,,,,,White-headed babbler,Yellow-billed Babbler - Argya affinis,yebbab1
,,,,tailor bird,,,,,Tailorbird,Common Tailorbird - Orthotomus sutorius,comtai1
,,,,spotted dove,,,,,Spotted Dove,Spotted Dove - Spilopelia chinensis,spodov
,,,,short toed eagle,,,,,Short-toed Eagle,Short-toed Snake-Eagle - Circaetus gallicus,shteag1
,,,,red vented bulbul,,,,,Red-vented Bulbul,Red-vented Bulbul - Pycnonotus cafer,revbul
,,,,coucal,,,,,coucal,Greater Coucal - Centropus sinensis,grecou1
,,,,indian robin,,,,,Indian Robin,Indian Robin - Copsychus fulicatus,indrob1
,,,,house swift,,,,,House Swift,Little Swift (Indian House Swift) - Apus affinis,litswi1
,,,,white browed bulbul,,,,,White-browed Bulbul,White-browed Bulbul - Pycnonotus luteolus,whbbul2
,,,,red whiskered bulbul,,,,,Red-whiskered Bulbul,Red-whiskered Bulbul - Pycnonotus jocosus,rewbul
,,,,Iora,,,,,Iora,Common Iora - Aegithina tiphia,comior1
,,,,common myna,,,,,Common Myna,Common Myna - Acridotheres tristis,commyn
,,,,wood shrike,,,,,Woodshrike,Common Woodshrike - Tephrodornis pondicerianus,comwoo1
,,,,pied creasted cuckoo,,,,,Pied Crested Cuckoo,Pied Cuckoo (Jacobin Cuckoo) - Clamator jacobinus,piecuc1
,,,,pariah kite,,,,,Pariah Kite,Black Kite - Milvus migrans,blakit1
,,,,little green beeeater,,,,,Little Green Bee-eater,Asian Green Bee-eater - Merops orientalis,grnbee3
,,,,bush lark,,,,,Bush Lark,Indian Bushlark (Red-winged Bushlark) - Mirafra erythroptera,indbus2
25-6-00,6:00 am -,,Cloudy sky,White Headed Babbler,seen,,,,White-headed babbler,Yellow-billed Babbler - Argya affinis,yebbab1
,,,,roufopus winged bush alrk,seen,,,,Rufous-winged Bushlark,,
,,,,white breasted kingfisher,seen,,,,White-breasted Kingfisher,White-throated Kingfisher - Halcyon smyrnensis,whtkin2
,,,,black winged kite,seen,,,,Black-winged kite,Black-winged Kite (Black-shouldered Kite) - Elanus caeruleus,bkskit1
,,,,pariah kite,seen,,,,Pariah Kite,Black Kite - Milvus migrans,blakit1
,,,,plain wren warbler,seen,,,,Plain Wren Warbler,Plain Prinia - Prinia inornata,plapri1
,,,,little brown dove,seen,,,,Little Brown Dove,Laughing Dove (Little Brown Dove) - Spilopelia senegalensis,laudov1
,,,,Black drongo,seen,,,,Black Drongo,Black Drongo - Dicrurus macrocercus,bladro1
,,,,common swallow,seen,,,,Common Swallow,Red-rumped Swallow - Cecropis daurica,rerswa1
,,,,little green beeeater,seen,,,,Little Green Bee-eater,Asian Green Bee-eater - Merops orientalis,grnbee3
,,,,indian robin,seen,,,,Indian Robin,Indian Robin - Copsychus fulicatus,indrob1
,,,,Iora,seen,,,,Iora,Common Iora - Aegithina tiphia,comior1
,,,,twany eagle,seen,,,,Tawny Eagle,Tawny Eagle - Aquila rapax,taweag1
,,,,red vented bulbul,seen,,,,Red-vented Bulbul,Red-vented Bulbul - Pycnonotus cafer,revbul
,,,,Franklins wren warbler,seen,,,,"Franklin""s Wren Warbler",Grey-breasted Prinia - Prinia hodgsonii,gybpri1
,,,,great horned owl,seen,,,,great horned owl,Great Horned Owl - Bubo virginianus,grhowl
,,,,jungle wren warbler,seen,,,,Jungle Wren-Warbler,Jungle Prinia - Prinia sylvatica,junpri1
,,,,roufous bellied babbler,seen,,,,Rufous-bellied Babbler,Tawny-bellied Babbler - Dumetia hyperythra,tabbab1
,,,,Ashy wren warbler,heard,,,,Ashy Wren Warbler,Ashy Prinia - Prinia socialis,ashpri1
,,,,black backed woodpecker,heard,,,,Black-backed woodpecker,Black-backed Woodpecker - Picoides arcticus,bkbwoo
,,,,red vented bulbul,seen,,,,Red-vented Bulbul,Red-vented Bulbul - Pycnonotus cafer,revbul
,,,,pied bush chat,seen,,,,Pied Bushchat,Pied Bushchat - Saxicola caprata,piebus1
,,,,coppersmith,seen,,,,Coppersmith,Coppersmith Barbet - Psilopogon haemacephalus,copbar1
,,,,twany eagle,seen,,,,Tawny Eagle,Tawny Eagle - Aquila rapax,taweag1
,,,,pond heron,seen,,,,Pond Heron,Indian Pond-Heron - Ardeola grayii,inpher1
,,,,purple rumped sunbird,seen,,,,Purple-rumped Sunbird,Purple-rumped Sunbird - Leptocoma zeylonica,pursun3
,,,,brahminy myna,seen,,,,Brahminy Myna,Brahminy Starling - Sturnia pagodarum,brasta1
,,,,brown flycatcher,seen,,,Juvenile,Brown Flycatcher,Asian Brown Flycatcher - Muscicapa dauurica,asbfly
2-7-00,6:25 am - ,,Cloudy sky,little brown dove,,,,,Little Brown Dove,Laughing Dove (Little Brown Dove) - Spilopelia senegalensis,laudov1
,,,,spotted dove,,,,,Spotted Dove,Spotted Dove - Spilopelia chinensis,spodov
,,,,short toed eagle,,,,,Short-toed Eagle,Short-toed Snake-Eagle - Circaetus gallicus,shteag1
,,,,pariah kite,,,,,Pariah Kite,Black Kite - Milvus migrans,blakit1
,,,,white breasted kingfisher,,,,,White-breasted Kingfisher,White-throated Kingfisher - Halcyon smyrnensis,whtkin2
,,,,myna,,,,,Myna,Common Myna - Acridotheres tristis,commyn
,,,,tailor bird,,,,,Tailorbird,Common Tailorbird - Orthotomus sutorius,comtai1
,,,,white browed bulbul,,,,,White-browed Bulbul,White-browed Bulbul - Pycnonotus luteolus,whbbul2
,,,,hoopoe,,,,,Hoopoe,Eurasian Hoopoe - Upupa epops,hoopoe
,,,,indian robin,,,,,Indian Robin,Indian Robin - Copsychus fulicatus,indrob1
,,,,White Headed Babbler,,,,,White-headed babbler,Yellow-billed Babbler - Argya affinis,yebbab1
,,,,red vented bulbul,,,,,Red-vented Bulbul,Red-vented Bulbul - Pycnonotus cafer,revbul
,,,,Tree pie,,,,,Treepie,Rufous Treepie - Dendrocitta vagabunda,ruftre2
,,,,sirkeer cuckoo,,,,,Sirkeer Cuckoo,Sirkeer Malkoha - Taccocua leschenaultii,sirmal1
,,,,bush lark,,,,,Bush Lark,Indian Bushlark (Red-winged Bushlark) - Mirafra erythroptera,indbus2
,,,,shikra,,,,,Shikra,Shikra - Accipiter badius,shikra1
,,,,Iora,,,,,Iora,Common Iora - Aegithina tiphia,comior1
,,,,magpie robin,,,,,Magpie Robin,Oriental Magpie-Robin - Copsychus saularis,magrob
,,,,coucal,,,,,coucal,Greater Coucal - Centropus sinensis,grecou1
,,,,little green beeeater,,,,,Little Green Bee-eater,Asian Green Bee-eater - Merops orientalis,grnbee3
,,,,coppersmith,,,,,Coppersmith,Coppersmith Barbet - Psilopogon haemacephalus,copbar1
,,,,Franklins wren warbler,,,,,"Franklin""s Wren Warbler",Grey-breasted Prinia - Prinia hodgsonii,gybpri1
16-7-00,6:20 am - ,Uday Rock,,Drongo,,,,,Drongo,Hair-crested Drongo (Spangled Drongo) - Dicrurus hottentottus,hacdro1
,,,,spotted dove,,,,,Spotted Dove,Spotted Dove - Spilopelia chinensis,spodov
,,,,twany eagle,,,,,Tawny Eagle,Tawny Eagle - Aquila rapax,taweag1
,,,,roufous tailed finch lark,,,,,Rufous-tailed Finch Lark,Rufous-tailed Lark - Ammomanes phoenicura,rutlar2
,,,,red rumped swallow,,,,,Red-rumped Swallow,Red-rumped Swallow - Cecropis daurica,rerswa1
,,,,bush chat,,,,,Bush Chat,Pied Bushchat - Saxicola caprata,piebus1
,,,,Franklins wren warbler,,,,,"Franklin""s Wren Warbler",Grey-breasted Prinia - Prinia hodgsonii,gybpri1
,,,,Purple sunbird,,,,,Purple Sunbird,Purple-rumped Sunbird - Leptocoma zeylonica,pursun3
,,,,pond heron,,,,,Pond Heron,Indian Pond-Heron - Ardeola grayii,inpher1
,,,,Ashy wren warbler,,,,,Ashy Wren Warbler,Ashy Prinia - Prinia socialis,ashpri1
,,,,spotted munia,,,,,Spotted Munia,Scaly-breasted Munia (Spotted Munia) - Lonchura punctulata,nutman
,,,,red vented bulbul,,,,,Red-vented Bulbul,Red-vented Bulbul - Pycnonotus cafer,revbul
,,,,koel,,,,,Koel,Asian Koel - Eudynamys scolopaceus,asikoe2
,,,,black winged kite,,,,Black shouldered kite,Black-winged kite,Black-winged Kite (Black-shouldered Kite) - Elanus caeruleus,bkskit1
,,,,ashy crowned finch lark,,,,,Ashy-crowned finch lark,Ashy-crowned Sparrow-Lark (Ashy-crowned Finch-Lark) - Eremopterix griseus,ascspl1
,,,,little green beeeater,,,,,Little Green Bee-eater,Asian Green Bee-eater - Merops orientalis,grnbee3
,,,,large cuckoo shrike,,,,,Large Cuckooshrike,Large Cuckooshrike - Coracina macei,larcus1
,,,,purple rumped sunbird,,,,,Purple-rumped Sunbird,Purple-rumped Sunbird - Leptocoma zeylonica,pursun3
,,,,white breasted kingfisher,,,,,White-breasted Kingfisher,White-throated Kingfisher - Halcyon smyrnensis,whtkin2
,,,,indian robin,,,,,Indian Robin,Indian Robin - Copsychus fulicatus,indrob1
,,,,white headed babler,,,,,White-headed Babbler,Yellow-billed Babbler - Argya affinis,yebbab1
,,,,malkoha,,,,,Malkoha,Green-billed Malkoha - Phaenicophaeus tristis,grbmal1
,,,,little brown dove,heard,,,,Little Brown Dove,Laughing Dove (Little Brown Dove) - Spilopelia senegalensis,laudov1
,,,,Tree pie,heard,,,,Treepie,Rufous Treepie - Dendrocitta vagabunda,ruftre2
,,,,Iora,heard,,,,Iora,Common Iora - Aegithina tiphia,comior1
,,,,Indian wren warbler,,,,,Indian Wren Warbler,Ashy Prinia - Prinia socialis,ashpri1
,,,,dusky craig martin,,,,,dusky crag martin,Dusky Crag-Martin - Ptyonoprogne concolor,duscrm1
,,,,coppersmith,heard,,,,Coppersmith,Coppersmith Barbet - Psilopogon haemacephalus,copbar1
,,,,brahminy myna,,,,,Brahminy Myna,Brahminy Starling - Sturnia pagodarum,brasta1
,,,,briown flycatcher,,,,,Brown Flycatcher,Asian Brown Flycatcher - Muscicapa dauurica,asbfly
,,,,loten sunbird,,,,,Loten Sunbird,Loten's Sunbird (Long-billed Sunbird) - Cinnyris lotenius,lobsun2
,,,,tickles flowerpecker,,,,,"Tickell""s Flowerpecker",Pale-billed Flowerpecker - Dicaeum erythrorhynchos,pabflo1
,,,,blue rock pigeon,,,,,Blue Rock Pigeon,Rock Pigeon (Blue Rock Pigeon) - Columba livia,rocpig
6-8-00,6:15 am - ,,Cloudy sky,little green beeeater,,,,,Little Green Bee-eater,Asian Green Bee-eater - Merops orientalis,grnbee3
,,,,tickles flowerpecker,,,,,"Tickell""s Flowerpecker",Pale-billed Flowerpecker - Dicaeum erythrorhynchos,pabflo1
,,,,red vented bulbul,,,,,Red-vented Bulbul,Red-vented Bulbul - Pycnonotus cafer,revbul
,,,,house swift,,,,,House Swift,Little Swift (Indian House Swift) - Apus affinis,litswi1
,,,,purp[le sunbird,,,,,Purple Sunbird,Purple-rumped Sunbird - Leptocoma zeylonica,pursun3
,,,,roufous tailed finch lark,,,,,Rufous-tailed Finch Lark,Rufous-tailed Lark - Ammomanes phoenicura,rutlar2
,,,,Iora,,,,,Iora,Common Iora - Aegithina tiphia,comior1
,,,,Koel,,,,,Koel,Asian Koel - Eudynamys scolopaceus,asikoe2
,,,,Franklins wren warbler,,,,,"Franklin""s Wren Warbler",Grey-breasted Prinia - Prinia hodgsonii,gybpri1
,,,,tailor bird,,,,,Tailorbird,Common Tailorbird - Orthotomus sutorius,comtai1
,,,,purple rumped sunbird,,,,,Purple-rumped Sunbird,Purple-rumped Sunbird - Leptocoma zeylonica,pursun3
,,,,white browed bulbul,,,,,White-browed Bulbul,White-browed Bulbul - Pycnonotus luteolus,whbbul2
,,,,red whiskered bulbul,,,,,Red-whiskered Bulbul,Red-whiskered Bulbul - Pycnonotus jocosus,rewbul
,,,,indian robin,,,,,Indian Robin,Indian Robin - Copsychus fulicatus,indrob1
,,,,paradise fly catcher,,,,,Paradise Flycatcher,Indian Paradise-Flycatcher - Terpsiphone paradisi,aspfly1
,,,,magpie robin,,,,,Magpie Robin,Oriental Magpie-Robin - Copsychus saularis,magrob
,,,,brown flycatcher,,,,,Brown Flycatcher,Asian Brown Flycatcher - Muscicapa dauurica,asbfly
,,,,little brown dove,,,,,Little Brown Dove,Laughing Dove (Little Brown Dove) - Spilopelia senegalensis,laudov1
,,,,spotted munia,,,,,Spotted Munia,Scaly-breasted Munia (Spotted Munia) - Lonchura punctulata,nutman
,,,,ringed dove,,,,,Ringed Dove,Eurasian Collared-Dove - Streptopelia decaocto,eucdov
,,,,honey buzzard,,,,,Honey Buzzard,Oriental Honey-buzzard (Crested Honey Buzzard) - Pernis ptilorhynchus,orihob2
,,,,coppersmith,,,,,Coppersmith,Coppersmith Barbet - Psilopogon haemacephalus,copbar1
13-8-00,6:30 am – 8:00 am,Cave rock hill,,Brown fish owl,,,,,Brown Fish Owl,Brown Fish-Owl - Ketupa zeylonensis,brfowl1
,,,,loten sunbird,,,,,Loten Sunbird,Loten's Sunbird (Long-billed Sunbird) - Cinnyris lotenius,lobsun2
,,,,tickles flowerpecker,,,,,"Tickell""s Flowerpecker",Pale-billed Flowerpecker - Dicaeum erythrorhynchos,pabflo1
,,,,coucal,,,,,coucal,Greater Coucal - Centropus sinensis,grecou1
,,,,sirkeer cuckoo,,,M & F,,Sirkeer Cuckoo,Sirkeer Malkoha - Taccocua leschenaultii,sirmal1
,,,,house swift,,,,,House Swift,Little Swift (Indian House Swift) - Apus affinis,litswi1
,,,,Indian robin,,,,,Indian Robin,Indian Robin - Copsychus fulicatus,indrob1
,,,,little green beeeater,,,,,Little Green Bee-eater,Asian Green Bee-eater - Merops orientalis,grnbee3
,,,,white browed bulbul,,,,,White-browed Bulbul,White-browed Bulbul - Pycnonotus luteolus,whbbul2
,,,,red vented bulbul,,,,,Red-vented Bulbul,Red-vented Bulbul - Pycnonotus cafer,revbul
,,,,red rumped swallow,,,,,Red-rumped Swallow,Red-rumped Swallow - Cecropis daurica,rerswa1
,,,,spotted dove,,,,,Spotted Dove,Spotted Dove - Spilopelia chinensis,spodov
,,,,blue rock pigeon,,,,,Blue Rock Pigeon,Rock Pigeon (Blue Rock Pigeon) - Columba livia,rocpig
,,,,dusky craig martin,,,,,dusky crag martin,Dusky Crag-Martin - Ptyonoprogne concolor,duscrm1
,,,,myna,,,,,Myna,Common Myna - Acridotheres tristis,commyn
,,,,bustard quail,,,,,Bustard Quail,Barred Buttonquail - Turnix suscitator,barbut1
,,,,jungle bush quail,,,,,Jungle Bush Quail,Jungle Bush-Quail - Perdicula asiatica,jubqua1
,,,,purple rumped sunbird,,,,,Purple-rumped Sunbird,Purple-rumped Sunbird - Leptocoma zeylonica,pursun3
,,,,common babler,,,,,Common Babbler,Common Babbler - Argya caudata,combab3
,,,,spotted munia,,,,,Spotted Munia,Scaly-breasted Munia (Spotted Munia) - Lonchura punctulata,nutman
,,,,bush lark,,,,,Bush Lark,Indian Bushlark (Red-winged Bushlark) - Mirafra erythroptera,indbus2
,,,,Hoopoe,,,,,Hoopoe,Eurasian Hoopoe - Upupa epops,hoopoe
8-10-00,,Mouth of the valley,Partially Cloudy,Iora,,,,,Iora,Common Iora - Aegithina tiphia,comior1
,,,,greenish leaf warbler,,,,,greenish leaf warbler,Greenish Warbler - Phylloscopus trochiloides,grewar3
,,,,drongo,,,,,drongo,Hair-crested Drongo (Spangled Drongo) - Dicrurus hottentottus,hacdro1
,,,,spotted dove,,,,,Spotted Dove,Spotted Dove - Spilopelia chinensis,spodov
,,,,white browed bulbul,,,,,White-browed Bulbul,White-browed Bulbul - Pycnonotus luteolus,whbbul2
,,,,red vented bulbul,,,,,Red-vented Bulbul,Red-vented Bulbul - Pycnonotus cafer,revbul
,,,,coucal,,,,,coucal,Greater Coucal - Centropus sinensis,grecou1
,,,,loten sunbird,,,,,Loten Sunbird,Loten's Sunbird (Long-billed Sunbird) - Cinnyris lotenius,lobsun2
,,,,coppersmith,,,,,Coppersmith,Coppersmith Barbet - Psilopogon haemacephalus,copbar1
,,,,small minivet,,,,,Small Minivet,Small Minivet - Pericrocotus cinnamomeus,smamin1
,,,,white headed Babbler,,,,,White-headed Babbler,Yellow-billed Babbler - Argya affinis,yebbab1
,,,,grey drongo,,,,,grey drongo,Ashy Drongo - Dicrurus leucophaeus,ashdro1
,,,,short toed eagle,,,,,Short-toed Eagle,Short-toed Snake-Eagle - Circaetus gallicus,shteag1
,,,,pond heron,,,,,Pond Heron,Indian Pond-Heron - Ardeola grayii,inpher1
,,,,streaked fantail,,,,,Streaked Fantail,,
,,,,roufous winged bush lark,,,,,Rufous-winged Bush Lark,,
,,,,red rumped swallow,,,,,Red-rumped Swallow,Red-rumped Swallow - Cecropis daurica,rerswa1
,,,,little green beeeater,,,,,Little Green Bee-eater,Asian Green Bee-eater - Merops orientalis,grnbee3
,,,,grey tit,,,,,grey tit,Grey Tit - Melaniparus afer,grytit1
,,,,Indian robin,,,,,Indian Robin,Indian Robin - Copsychus fulicatus,indrob1
,,,,Hoopoe,,,,,Hoopoe,Eurasian Hoopoe - Upupa epops,hoopoe
,,,,ashy crowned finch lark,,,,,Ashy-crowned finch lark,Ashy-crowned Sparrow-Lark (Ashy-crowned Finch-Lark) - Eremopterix griseus,ascspl1
10-12-00,6:45 am – 8:00 am,Perco Tank,,Golden oriole,,,,,Golden Oriole,Indian Golden Oriole - Oriolus kundoo,ingori1
,,,,myna,,,,,Myna,Common Myna - Acridotheres tristis,commyn
,,,,W B bulbul,,,,,White-browed bulbul,White-browed Bulbul - Pycnonotus luteolus,whbbul2
,,,,white headed babler,,,,,White-headed Babbler,Yellow-billed Babbler - Argya affinis,yebbab1
,,,,Hoopoe,,,,,Hoopoe,Eurasian Hoopoe - Upupa epops,hoopoe
,,,,grey drongo,,,,,grey drongo,Ashy Drongo - Dicrurus leucophaeus,ashdro1
,,,,Koel,,,,,Koel,Asian Koel - Eudynamys scolopaceus,asikoe2
,,,,Rose Ringed Parakeet,,,,,Rose-ringed Parakeet,Rose-ringed Parakeet - Psittacula krameri,rorpar
,,,,magpie robin,,,,,Magpie Robin,Oriental Magpie-Robin - Copsychus saularis,magrob
,,,,ashy wren warbler,,,,,Ashy-wren warbler,Ashy Prinia - Prinia socialis,ashpri1
,,,,spotted dove,,,,,Spotted Dove,Spotted Dove - Spilopelia chinensis,spodov
,,,,rose finch,,,,,Rose Finch,Common Rosefinch - Carpodacus erythrinus,comros
,,,,golden backed woodpecker,,,,,golden-backed woodpecker,Black-rumped Flameback (Lesser Goldenbacked Woodpecker) - Dinopium benghalense,bkrfla1
,,,,purple rumped sunbird,,,,,Purple-rumped Sunbird,Purple-rumped Sunbird - Leptocoma zeylonica,pursun3
,,,,tickles flowerpecker,,,,,"Tickell""s Flowerpecker",Pale-billed Flowerpecker - Dicaeum erythrorhynchos,pabflo1
,,,,coucal,,,,,coucal,Greater Coucal - Centropus sinensis,grecou1
,,,,blossom headed parakeet,,,,,Blossom-headed Parakeet,Blossom-headed Parakeet - Psittacula roseata,blhpar3
,,,,indian tree pipet,,,,,Indian Tree Pipit, Tree Pipit - Anthus trivialis,
,,,,pied wagtail,,,,,Pied Wagtail,White-browed Wagtail (Large Pied Wagtail) - Motacilla maderaspatensis,whbwag1
,,,,white breasted kingfisher,,,,,White-breasted Kingfisher,White-throated Kingfisher - Halcyon smyrnensis,whtkin2
,,,,red whiskered bulbul,,,,,Red-whiskered Bulbul,Red-whiskered Bulbul - Pycnonotus jocosus,rewbul
,,,,bush chat,,,F,,Bush Chat,Pied Bushchat - Saxicola caprata,piebus1
,,,,wren warbler,,,,,Wren Warbler,,
,,,,little brown dove,,,,,Little Brown Dove,Laughing Dove (Little Brown Dove) - Spilopelia senegalensis,laudov1
,,,,red wattled lapwing,,,,,Red-wattled Lapwing,Red-wattled Lapwing - Vanellus indicus,rewlap1
,,,,indian roller,,,,,Indian Roller,Indian Roller - Coracias benghalensis,indrol2
14-12-00,6:45 am – 8:15 am,Mouth of the valley,,Black drongo,,,,,Black Drongo,Black Drongo - Dicrurus macrocercus,bladro1
,,,,black bellied finch lark,,,,,Black-bellied finch lark,Black-crowned Sparrow-Lark - Eremopterix nigriceps,bcslar1
,,,,little brown dove,,,,,Little Brown Dove,Laughing Dove (Little Brown Dove) - Spilopelia senegalensis,laudov1
,,,,roufous tailed finch lark,,,,,Rufous-tailed Finch Lark,Rufous-tailed Lark - Ammomanes phoenicura,rutlar2
,,,,black winged kite,,,,,Black-winged kite,Black-winged Kite (Black-shouldered Kite) - Elanus caeruleus,bkskit1
,,,,spotted dove,,,,,Spotted Dove,Spotted Dove - Spilopelia chinensis,spodov
,,,,common myna,,,,,Common Myna,Common Myna - Acridotheres tristis,commyn
,,,,red vented bulbul,,,,,Red-vented Bulbul,Red-vented Bulbul - Pycnonotus cafer,revbul
,,,,brown shrike,,,,,Brown Shrike,Brown Shrike - Lanius cristatus,brnshr
,,,,purple sunbird,,,,,Purple Sunbird,Purple-rumped Sunbird - Leptocoma zeylonica,pursun3
,,,,Tree pie,,,,,Treepie,Rufous Treepie - Dendrocitta vagabunda,ruftre2
,,,,pied creasted cuckoo,,,,,Pied Crested Cuckoo,Pied Cuckoo (Jacobin Cuckoo) - Clamator jacobinus,piecuc1
,,,,white eyed buzzard,,,,,White-eyed Buzzard,White-eyed Buzzard - Butastur teesa,whebuz1
31-12-00,,Cave rock hill,,grey drongo,,,,,grey drongo,Ashy Drongo - Dicrurus leucophaeus,ashdro1
,,,,hair creasted drongo,,,,,Hair-crested Drongo,Hair-crested Drongo (Spangled Drongo) - Dicrurus hottentottus,hacdro1
,,,,white headed Babbler,,,,,White-headed Babbler,Yellow-billed Babbler - Argya affinis,yebbab1
,,,,golden oriole,,,M & F,,golden oriole,Indian Golden Oriole - Oriolus kundoo,ingori1
,,,,spotted owlet,,,,,Spotted Owlet,Spotted Owlet - Athene brama,spoowl1
,,,,Hoopoe,,,,,Hoopoe,Eurasian Hoopoe - Upupa epops,hoopoe
,,,,spotted dove,,,,,Spotted Dove,Spotted Dove - Spilopelia chinensis,spodov
,,,,Koel,,,,,Koel,Asian Koel - Eudynamys scolopaceus,asikoe2
,,,,coppersmith,,,,,Coppersmith,Coppersmith Barbet - Psilopogon haemacephalus,copbar1
,,,,indian robin,,,,,Indian Robin,Indian Robin - Copsychus fulicatus,indrob1
,,,,W B bulbul,,,,,White-browed bulbul,White-browed Bulbul - Pycnonotus luteolus,whbbul2
,,,,lesser white throat,,,,,Lesser Whitethroat,Lesser Whitethroat - Curruca curruca,leswhi4
,,,,purple sunbird,,,,,Purple Sunbird,Purple-rumped Sunbird - Leptocoma zeylonica,pursun3
,,,,sirkeer cuckoo,,,,,Sirkeer Cuckoo,Sirkeer Malkoha - Taccocua leschenaultii,sirmal1
,,,,Blyths reed warbler,,,,,"Blyth""s Reed Warbler",Blyth's Reed Warbler - Acrocephalus dumetorum,blrwar1
,,,,tailor bird,,,,,Tailorbird,Common Tailorbird - Orthotomus sutorius,comtai1
,,,,blue rock pigeon,,,,,Blue Rock Pigeon,Rock Pigeon (Blue Rock Pigeon) - Columba livia,rocpig
,,,,blue bearded beeeater,,,,,Blue-bearded Bee-eater,Blue-bearded Bee-eater - Nyctyornis athertoni,bbbeat1
,,,,red vented bulbul,,,,,Red-vented Bulbul,Red-vented Bulbul - Pycnonotus cafer,revbul
,,,,dusky craig martin,,,,,dusky crag martin,Dusky Crag-Martin - Ptyonoprogne concolor,duscrm1
,,,,common babler,,,,,Common Babbler,Common Babbler - Argya caudata,combab3
,,,,rose finch,,,,,Rose Finch,Common Rosefinch - Carpodacus erythrinus,comros
,,,,little brown dove,,,,,Little Brown Dove,Laughing Dove (Little Brown Dove) - Spilopelia senegalensis,laudov1
,,,,bush lark,,,,,Bush Lark,Indian Bushlark (Red-winged Bushlark) - Mirafra erythroptera,indbus2
,,,,B shrike,,,,,B Shrike,Brown Shrike - Lanius cristatus,brnshr
,,,,roufous bellied babbler,,,,,Rufous-bellied Babbler,Tawny-bellied Babbler - Dumetia hyperythra,tabbab1
,,,,bush quail,,,,,Bush Quail,Jungle Bush-Quail - Perdicula asiatica,jubqua1
,,,,common swallow,,,,,Common Swallow,Red-rumped Swallow - Cecropis daurica,rerswa1
,,,,red rumped swallow,,,,,Red-rumped Swallow,Red-rumped Swallow - Cecropis daurica,rerswa1
,,,,kestral,,,,,Kestrel,Eurasian Kestrel (Common Kestrel) - Falco tinnunculus,eurkes
,,,,tailor bird,,,,,Tailorbird,Common Tailorbird - Orthotomus sutorius,comtai1
,,,,purple sunbird,,,,,Purple Sunbird,Purple-rumped Sunbird - Leptocoma zeylonica,pursun3
,,,,lesser white throat,,,,,Lesser Whitethroat,Lesser Whitethroat - Curruca curruca,leswhi4
,,,,little green beeeater,,,,,Little Green Bee-eater,Asian Green Bee-eater - Merops orientalis,grnbee3
,,,,pond heron,,,,,Pond Heron,Indian Pond-Heron - Ardeola grayii,inpher1
4-3-01,,Last Lake,,hair creasted drongo,,,,,Hair-crested Drongo,Hair-crested Drongo (Spangled Drongo) - Dicrurus hottentottus,hacdro1
,,,,grey drongo,,,,,grey drongo,Ashy Drongo - Dicrurus leucophaeus,ashdro1
,,,,golden oriole,,,,,golden oriole,Indian Golden Oriole - Oriolus kundoo,ingori1
,,,,magpie robin,,,,,Magpie Robin,Oriental Magpie-Robin - Copsychus saularis,magrob
,,,,koel,,,,,Koel,Asian Koel - Eudynamys scolopaceus,asikoe2
,,,,white breasted kingfisher,,,,,White-breasted Kingfisher,White-throated Kingfisher - Halcyon smyrnensis,whtkin2
,,,,greenish leaf warbler,,,,,greenish leaf warbler,Greenish Warbler - Phylloscopus trochiloides,grewar3
,,,,spotted owlet,,,,,Spotted Owlet,Spotted Owlet - Athene brama,spoowl1
,,,,Hoopoe,,,,,Hoopoe,Eurasian Hoopoe - Upupa epops,hoopoe
,,,,green billed malcoha,,,,,green-billed malcoha,Green-billed Malkoha - Phaenicophaeus tristis,grbmal1
,,,,little brown dove,,,,,Little Brown Dove,Laughing Dove (Little Brown Dove) - Spilopelia senegalensis,laudov1
,,,,roufous bellied finchlark,,,,,Rufous-bellied Finch Lark,Rufous-tailed Lark - Ammomanes phoenicura,rutlar2
,,,,pariah kite,,,,,Pariah Kite,Black Kite - Milvus migrans,blakit1
,,,,Iora,,,,,Iora,Common Iora - Aegithina tiphia,comior1
,,,,lesser white throat,,,,,Lesser Whitethroat,Lesser Whitethroat - Curruca curruca,leswhi4
,,,,scarlet minivet,,,,,Scarlet Minivet,Scarlet Minivet - Pericrocotus speciosus,scamin1
,,,,Blyths reed warbler,,,,,"Blyth""s Reed Warbler",Blyth's Reed Warbler - Acrocephalus dumetorum,blrwar1
,,,,white browed bulbul,,,,,White-browed Bulbul,White-browed Bulbul - Pycnonotus luteolus,whbbul2
,,,,wood shrike,,,,,Woodshrike,Common Woodshrike - Tephrodornis pondicerianus,comwoo1
,,,,brown flycatcher,,,,,Brown Flycatcher,Asian Brown Flycatcher - Muscicapa dauurica,asbfly
,,,,black headed cuckoo shrike,,,,,Black-headed cuckooshrike,Black-headed Cuckooshrike - Lalage melanoptera,bkhcus1
,,,,paradise fly catcher,,,F,,Paradise Flycatcher,Indian Paradise-Flycatcher - Terpsiphone paradisi,aspfly1
,,,,tickles flowerpecker,,,,,"Tickell""s Flowerpecker",Pale-billed Flowerpecker - Dicaeum erythrorhynchos,pabflo1
,,,,purple rumped sunbird,,,,,Purple-rumped Sunbird,Purple-rumped Sunbird - Leptocoma zeylonica,pursun3
,,,,red whiskered bulbul,,,,,Red-whiskered Bulbul,Red-whiskered Bulbul - Pycnonotus jocosus,rewbul
,,,,purple sunbird,,,,,Purple Sunbird,Purple-rumped Sunbird - Leptocoma zeylonica,pursun3
,,,,rufous bellied babbler,,,,,Rufous-bellied Babbler,Tawny-bellied Babbler - Dumetia hyperythra,tabbab1
,,,,yellow eyed babbler,,,,,Yellow-eyed Babbler,Yellow-eyed Babbler - Chrysomma sinense,yeebab1
,,,,Rose Ringed Parakeet,,,,,Rose-ringed Parakeet,Rose-ringed Parakeet - Psittacula krameri,rorpar
,,,,grey partridge,,,,,grey partridge,Grey Partridge - Perdix perdix,grypar
,,,,indian robin,,,,,Indian Robin,Indian Robin - Copsychus fulicatus,indrob1
,,,,coppersmith,,,,,Coppersmith,Coppersmith Barbet - Psilopogon haemacephalus,copbar1
,,,,black backed woodpecker,,,,,Black-backed woodpecker,Black-backed Woodpecker - Picoides arcticus,bkbwoo
,,,,myna,,,,,Myna,Common Myna - Acridotheres tristis,commyn
,,,,spotted dove,,,,,Spotted Dove,Spotted Dove - Spilopelia chinensis,spodov
,,,,red rumped swallow,,,,,Red-rumped Swallow,Red-rumped Swallow - Cecropis daurica,rerswa1
,,,,Black drongo,,,,,Black Drongo,Black Drongo - Dicrurus macrocercus,bladro1
,,,,tailor bird,,,,,Tailorbird,Common Tailorbird - Orthotomus sutorius,comtai1
,,,,red vented bulbul,,,,,Red-vented Bulbul,Red-vented Bulbul - Pycnonotus cafer,revbul
,,,,little green beeeater,,,,,Little Green Bee-eater,Asian Green Bee-eater - Merops orientalis,grnbee3
24-6-01,6:30 am – 8:00 am,Perco Tank,,tailor bird,,,,,Tailorbird,Common Tailorbird - Orthotomus sutorius,comtai1
,,,,coppersmith,,,,,Coppersmith,Coppersmith Barbet - Psilopogon haemacephalus,copbar1
,,,,tickles flowerpecker,,,,,"Tickell""s Flowerpecker",Pale-billed Flowerpecker - Dicaeum erythrorhynchos,pabflo1
,,,,pond heron,,,,,Pond Heron,Indian Pond-Heron - Ardeola grayii,inpher1
,,,,golden backed woodpecker,,,,,golden-backed woodpecker,Black-rumped Flameback (Lesser Goldenbacked Woodpecker) - Dinopium benghalense,bkrfla1
,,,,Iora,,,,,Iora,Common Iora - Aegithina tiphia,comior1
,,,,white headed Babler,,,,,White-headed Babbler,Yellow-billed Babbler - Argya affinis,yebbab1
1-7-01,,Cave rock hill,,red vented bulbul,,,,,Red-vented Bulbul,Red-vented Bulbul - Pycnonotus cafer,revbul
,,,,spotted dove,,,,,Spotted Dove,Spotted Dove - Spilopelia chinensis,spodov
,,,,indian robin,,,,,Indian Robin,Indian Robin - Copsychus fulicatus,indrob1
22-7-01,6:30 am – 8:00 am,Mouth of the valley,Cloudy Sky,indian robin,,,,,Indian Robin,Indian Robin - Copsychus fulicatus,indrob1
,,,,sirkeer cuckoo,,,,,Sirkeer Cuckoo,Sirkeer Malkoha - Taccocua leschenaultii,sirmal1
,,,,white breasted kingfisher,,,,,White-breasted Kingfisher,White-throated Kingfisher - Halcyon smyrnensis,whtkin2
,,,,red vented bulbul,,,,,Red-vented Bulbul,Red-vented Bulbul - Pycnonotus cafer,revbul
,,,,little brown dove,,,,,Little Brown Dove,Laughing Dove (Little Brown Dove) - Spilopelia senegalensis,laudov1
,,,,pariah kite,,,,,Pariah Kite,Black Kite - Milvus migrans,blakit1
,,,,coucal,,,,,coucal,Greater Coucal - Centropus sinensis,grecou1
,,,,Indian wren warbler,,,,,Indian Wren Warbler,Ashy Prinia - Prinia socialis,ashpri1
